c.entropy,m.entropy,block,participant,condition,symbol,c.ent.norm
0.918295834,1.584962501,0,da,Correspondence,s7,0.459147917
0,1.584962501,0,da,Correspondence,s3,0
0,0,0,da,Correspondence,s11,0
0,0,0,da,Correspondence,s14,0
0,1,0,da,Correspondence,s15,0
1,2,0,da,Correspondence,s5,0.5
0,1,0,da,Correspondence,s1,0
0,1.584962501,1,da,Correspondence,s3,0
0.918295834,1.584962501,1,da,Correspondence,s7,0.459147917
0,0,1,da,Correspondence,s14,0
0,1,1,da,Correspondence,s11,0
0,0,1,da,Correspondence,s15,0
0.918295834,1.584962501,1,da,Correspondence,s5,0.459147917
0,1,1,da,Correspondence,s1,0
0,0,1,da,Correspondence,s13,0
0,2,2,da,Correspondence,s3,0
0,1,2,da,Correspondence,s15,0
0,1,2,da,Correspondence,s11,0
0,1,2,da,Correspondence,s7,0
1,2,2,da,Correspondence,s5,0.5
0,1,2,da,Correspondence,s1,0
0,1.584962501,3,da,Correspondence,s3,0
0,0,3,da,Correspondence,s15,0
0,1,3,da,Correspondence,s11,0
0,1.584962501,3,da,Correspondence,s7,0
0.918295834,1.584962501,3,da,Correspondence,s5,0.459147917
0.918295834,1.584962501,3,da,Correspondence,s1,0.459147917
0,0,3,da,Correspondence,s9,0
0,1.584962501,0,db,Correspondence,s1,0
0,0,0,db,Correspondence,s3,0
0,0,0,db,Correspondence,s14,0
0,0,0,db,Correspondence,s9,0
0,0,0,db,Correspondence,s2,0
1.584962501,1.584962501,0,db,Correspondence,s16,0.792481251
0,0,0,db,Correspondence,s7,0
0,0,0,db,Correspondence,s1,0
0,0,0,db,Correspondence,s11,0
0,1,0,db,Correspondence,s13,0
0,0,0,db,Correspondence,s8,0
0,2,1,db,Correspondence,s1,0
1,1,1,db,Correspondence,s14,0.5
0,0,1,db,Correspondence,s16,0
0,0,1,db,Correspondence,s13,0
0,0,1,db,Correspondence,s2,0
0,0,1,db,Correspondence,s9,0
0,0,1,db,Correspondence,s3,0
0,0,1,db,Correspondence,s7,0
0,0,1,db,Correspondence,s12,0
0,0,1,db,Correspondence,s10,0
0,0,1,db,Correspondence,s6,0
0,0,1,db,Correspondence,s11,0
0,2,2,db,Correspondence,s1,0
0.811278124,2,2,db,Correspondence,s2,0.405639062
0,0,2,db,Correspondence,s4,0
0,1,2,db,Correspondence,s3,0
1,1,2,db,Correspondence,s9,0.5
0,0,2,db,Correspondence,s14,0
0,1,2,db,Correspondence,s16,0
0,2,3,db,Correspondence,s1,0
0,1.584962501,3,db,Correspondence,s2,0
1,1,3,db,Correspondence,s16,0.5
1,2.584962501,3,db,Correspondence,s9,0.5
0,0,3,db,Correspondence,s14,0
0,0,0,dc,Correspondence,s4,0
1,1,0,dc,Correspondence,s5,0.5
1,1,0,dc,Correspondence,s1,0.5
0,0,0,dc,Correspondence,s7,0
0,0,0,dc,Correspondence,s12,0
0,0,0,dc,Correspondence,s6,0
0,0,0,dc,Correspondence,s14,0
1,1,0,dc,Correspondence,s16,0.5
1,1,0,dc,Correspondence,s13,0.5
1,1,0,dc,Correspondence,s15,0.5
0,0,0,dc,Correspondence,s2,0
0,1,1,dc,Correspondence,s3,0
0,1,1,dc,Correspondence,s4,0
0,1,1,dc,Correspondence,s1,0
0,1,1,dc,Correspondence,s5,0
1,2,1,dc,Correspondence,s15,0.5
0.918295834,1.584962501,1,dc,Correspondence,s16,0.459147917
0,0,1,dc,Correspondence,s11,0
0,1,2,dc,Correspondence,s4,0
0,0,2,dc,Correspondence,s3,0
0,0,2,dc,Correspondence,s8,0
0,1.584962501,2,dc,Correspondence,s5,0
0,0,2,dc,Correspondence,s1,0
0.970950594,2.321928095,2,dc,Correspondence,s16,0.485475297
0,0,2,dc,Correspondence,s13,0
0,0,2,dc,Correspondence,s9,0
0,0,2,dc,Correspondence,s15,0
0,0,3,dc,Correspondence,s3,0
0,0,3,dc,Correspondence,s8,0
0,1,3,dc,Correspondence,s7,0
0,1.584962501,3,dc,Correspondence,s5,0
0,0,3,dc,Correspondence,s1,0
0,1,3,dc,Correspondence,s13,0
0.918295834,1.584962501,3,dc,Correspondence,s15,0.459147917
0.918295834,1.584962501,3,dc,Correspondence,s16,0.459147917
0.811278124,2,0,dd,Correspondence,s2,0.405639062
1,1,0,dd,Correspondence,s12,0.5
0.811278124,2,0,dd,Correspondence,s4,0.405639062
0,0,0,dd,Correspondence,s1,0
0,0,0,dd,Correspondence,s10,0
0,0,0,dd,Correspondence,s3,0
0,1,0,dd,Correspondence,s11,0
0,0,0,dd,Correspondence,s15,0
0,1,1,dd,Correspondence,s2,0
0,0,1,dd,Correspondence,s7,0
0,0,1,dd,Correspondence,s6,0
0,0,1,dd,Correspondence,s3,0
1,2,1,dd,Correspondence,s4,0.5
0,0,1,dd,Correspondence,s5,0
0,0,1,dd,Correspondence,s8,0
0,0,1,dd,Correspondence,s9,0
0,1.584962501,1,dd,Correspondence,s11,0
0,0,1,dd,Correspondence,s12,0
0,2,2,dd,Correspondence,s2,0
0.721928095,2.321928095,2,dd,Correspondence,s4,0.360964048
0,1.584962501,2,dd,Correspondence,s3,0
0,2,2,dd,Correspondence,s11,0
0,2,3,dd,Correspondence,s2,0
0,2,3,dd,Correspondence,s4,0
0,2,3,dd,Correspondence,s3,0
0,2,3,dd,Correspondence,s11,0
0,0,0,de,Correspondence,s3,0
1,1,0,de,Correspondence,s2,0.5
1,1,0,de,Correspondence,s4,0.5
1.5,2,0,de,Correspondence,s14,0.75
0,0,0,de,Correspondence,s6,0
0,0,0,de,Correspondence,s3,0
0,0,0,de,Correspondence,s12,0
0,0,0,de,Correspondence,s16,0
0,0,0,de,Correspondence,s13,0
0,0,0,de,Correspondence,s7,0
0,0,0,de,Correspondence,s15,0
0.811278124,2,1,de,Correspondence,s2,0.405639062
1,1,1,de,Correspondence,s8,0.5
0,0,1,de,Correspondence,s4,0
0,0,1,de,Correspondence,s6,0
0,0,1,de,Correspondence,s12,0
0,0,1,de,Correspondence,s9,0
0,0,1,de,Correspondence,s13,0
1,1,1,de,Correspondence,s15,0.5
0,1.584962501,1,de,Correspondence,s14,0
0,1,2,de,Correspondence,s3,0
0,1,2,de,Correspondence,s1,0
1,1,2,de,Correspondence,s7,0.5
0,0,2,de,Correspondence,s4,0
0,0,2,de,Correspondence,s6,0
0,0,2,de,Correspondence,s5,0
0,0,2,de,Correspondence,s9,0
0,0,2,de,Correspondence,s11,0
0,0,2,de,Correspondence,s16,0
0,1,2,de,Correspondence,s14,0
0,0,2,de,Correspondence,s10,0
0,0,2,de,Correspondence,s13,0
1.584962501,1.584962501,3,de,Correspondence,s2,0.792481251
1,1,3,de,Correspondence,s1,0.5
0,1,3,de,Correspondence,s4,0
0,0,3,de,Correspondence,s3,0
0,1,3,de,Correspondence,s6,0
0,0,3,de,Correspondence,s7,0
1,1,3,de,Correspondence,s13,0.5
0,0,3,de,Correspondence,s10,0
0,1,3,de,Correspondence,s14,0
1.5,2,0,df,Correspondence,s2,0.75
1,1,0,df,Correspondence,s7,0.5
1,1,0,df,Correspondence,s6,0.5
1,1,0,df,Correspondence,s1,0.5
0,0,0,df,Correspondence,s4,0
1,1,0,df,Correspondence,s9,0.5
0,0,0,df,Correspondence,s13,0
0,1,0,df,Correspondence,s11,0
0,1.584962501,1,df,Correspondence,s2,0
0,0,1,df,Correspondence,s6,0
0,1,1,df,Correspondence,s3,0
0.918295834,1.584962501,1,df,Correspondence,s7,0.459147917
0,0,1,df,Correspondence,s4,0
0,0,1,df,Correspondence,s12,0
1,2,1,df,Correspondence,s11,0.5
0,0,1,df,Correspondence,s15,0
0,1,2,df,Correspondence,s2,0
0,1,2,df,Correspondence,s6,0
0,0,2,df,Correspondence,s4,0
1,1,2,df,Correspondence,s16,0.5
0,1,2,df,Correspondence,s12,0
0,0,2,df,Correspondence,s3,0
0.721928095,2.321928095,2,df,Correspondence,s11,0.360964048
0,0,2,df,Correspondence,s7,0
0,1,3,df,Correspondence,s2,0
0,1,3,df,Correspondence,s6,0
0,0,3,df,Correspondence,s3,0
0,0,3,df,Correspondence,s1,0
0,0,3,df,Correspondence,s8,0
0,0,3,df,Correspondence,s12,0
0,1,3,df,Correspondence,s4,0
0.970950594,2.321928095,3,df,Correspondence,s11,0.485475297
0,0,3,df,Correspondence,s15,0
0,0,0,dg,Correspondence,s7,0
1,1,0,dg,Correspondence,s13,0.5
0,0,0,dg,Correspondence,s6,0
1,1,0,dg,Correspondence,s15,0.5
1,1,0,dg,Correspondence,s4,0.5
1,1,0,dg,Correspondence,s2,0.5
0,0,0,dg,Correspondence,s12,0
1,1,0,dg,Correspondence,s5,0.5
0,0,0,dg,Correspondence,s11,0
0,0,0,dg,Correspondence,s8,0
0,0,0,dg,Correspondence,s16,0
1,1,1,dg,Correspondence,s12,0.5
1.584962501,1.584962501,1,dg,Correspondence,s4,0.792481251
0,0,1,dg,Correspondence,s2,0
1,1,1,dg,Correspondence,s3,0.5
0,1,1,dg,Correspondence,s1,0
0,0,1,dg,Correspondence,s5,0
0,0,1,dg,Correspondence,s14,0
1,1,1,dg,Correspondence,s13,0.5
0,1,1,dg,Correspondence,s15,0
1,1,2,dg,Correspondence,s4,0.5
0,1.584962501,2,dg,Correspondence,s2,0
0,1,2,dg,Correspondence,s1,0
1,1,2,dg,Correspondence,s9,0.5
0,1,2,dg,Correspondence,s12,0
1,1,2,dg,Correspondence,s8,0.5
0,0,2,dg,Correspondence,s3,0
0,0,2,dg,Correspondence,s11,0
0,0,2,dg,Correspondence,s16,0
1.584962501,1.584962501,3,dg,Correspondence,s16,0.792481251
0,0,3,dg,Correspondence,s1,0
1.921928095,2.321928095,3,dg,Correspondence,s10,0.960964048
1,1,3,dg,Correspondence,s6,0.5
0,1,3,dg,Correspondence,s5,0
0,0,3,dg,Correspondence,s4,0
0,0,3,dg,Correspondence,s2,0
0,0,3,dg,Correspondence,s8,0
1,1,0,dh,Correspondence,s10,0.5
0,0,0,dh,Correspondence,s11,0
0,1,0,dh,Correspondence,s12,0
0,0,0,dh,Correspondence,s14,0
0,0,0,dh,Correspondence,s9,0
0,1,0,dh,Correspondence,s13,0
0,1,0,dh,Correspondence,s8,0
0.918295834,1.584962501,0,dh,Correspondence,s2,0.459147917
0,0,0,dh,Correspondence,s7,0
0,0,0,dh,Correspondence,s5,0
1,1,1,dh,Correspondence,s8,0.5
1,1,1,dh,Correspondence,s1,0.5
0,0,1,dh,Correspondence,s10,0
0,0,1,dh,Correspondence,s9,0
0,0,1,dh,Correspondence,s5,0
0,0,1,dh,Correspondence,s11,0
0,0,1,dh,Correspondence,s12,0
0,0,1,dh,Correspondence,s4,0
0,0,1,dh,Correspondence,s7,0
1,1,1,dh,Correspondence,s6,0.5
0,1.584962501,1,dh,Correspondence,s2,0
0,0,2,dh,Correspondence,s1,0
0,1.584962501,2,dh,Correspondence,s5,0
0,0,2,dh,Correspondence,s4,0
0,1,2,dh,Correspondence,s8,0
0,0,2,dh,Correspondence,s12,0
0,1,2,dh,Correspondence,s3,0
0,0,2,dh,Correspondence,s7,0
0,0,2,dh,Correspondence,s11,0
0,1,2,dh,Correspondence,s2,0
0,1,2,dh,Correspondence,s6,0
0,0,3,dh,Correspondence,s1,0
0,1,3,dh,Correspondence,s5,0
0,0,3,dh,Correspondence,s13,0
0,1,3,dh,Correspondence,s4,0
0,0,3,dh,Correspondence,s8,0
0,0,3,dh,Correspondence,s12,0
0,0,3,dh,Correspondence,s3,0
0,1.584962501,3,dh,Correspondence,s7,0
0,1,3,dh,Correspondence,s14,0
0,0,3,dh,Correspondence,s2,0
0,0,3,dh,Correspondence,s5,0
0,1,0,di,Correspondence,s12,0
1.5,2,0,di,Correspondence,s9,0.75
0,1,0,di,Correspondence,s7,0
0,0,0,di,Correspondence,s10,0
0,0,0,di,Correspondence,s8,0
0,0,0,di,Correspondence,s5,0
0.721928095,2.321928095,0,di,Correspondence,s11,0.360964048
0,0,1,di,Correspondence,s8,0
1,1,1,di,Correspondence,s5,0.5
0.918295834,1.584962501,1,di,Correspondence,s7,0.459147917
1,1,1,di,Correspondence,s9,0.5
0,1,1,di,Correspondence,s1,0
0.918295834,2.584962501,1,di,Correspondence,s11,0.459147917
0,2,2,di,Correspondence,s8,0
0,2,2,di,Correspondence,s7,0
0,1,2,di,Correspondence,s1,0
0.918295834,2.584962501,2,di,Correspondence,s11,0.459147917
0,1.584962501,3,di,Correspondence,s8,0
0.721928095,2.321928095,3,di,Correspondence,s7,0.360964048
0,1,3,di,Correspondence,s1,0
0.918295834,2.584962501,3,di,Correspondence,s11,0.459147917
0,0,0,dj,Correspondence,s14,0
0,0,0,dj,Correspondence,s2,0
0,1,0,dj,Correspondence,s4,0
0,0,0,dj,Correspondence,s7,0
0,0,0,dj,Correspondence,s6,0
0,0,0,dj,Correspondence,s12,0
0,0,0,dj,Correspondence,s8,0
0,1,0,dj,Correspondence,s15,0
0,0,0,dj,Correspondence,s9,0
0,0,0,dj,Correspondence,s8,0
0,1.584962501,0,dj,Correspondence,s13,0
0,0,0,dj,Correspondence,s16,0
0,0,1,dj,Correspondence,s3,0
0.918295834,1.584962501,1,dj,Correspondence,s7,0.459147917
0,0,1,dj,Correspondence,s2,0
0,0,1,dj,Correspondence,s4,0
0,0,1,dj,Correspondence,s6,0
1,1,1,dj,Correspondence,s12,0.5
0,1,1,dj,Correspondence,s11,0
0.918295834,1.584962501,1,dj,Correspondence,s16,0.459147917
0,0,1,dj,Correspondence,s15,0
0,0,1,dj,Correspondence,s13,0
0,1,2,dj,Correspondence,s2,0
0,1,2,dj,Correspondence,s4,0
0,0,2,dj,Correspondence,s7,0
0,0,2,dj,Correspondence,s10,0
0,0,2,dj,Correspondence,s8,0
1.5,2,2,dj,Correspondence,s12,0.75
0,0,2,dj,Correspondence,s11,0
0,0,2,dj,Correspondence,s9,0
0,1,2,dj,Correspondence,s13,0
0,0,2,dj,Correspondence,s16,0
0,1,3,dj,Correspondence,s2,0
0,1,3,dj,Correspondence,s4,0
0,0,3,dj,Correspondence,s7,0
0,0,3,dj,Correspondence,s6,0
0,1,3,dj,Correspondence,s8,0
0,0,3,dj,Correspondence,s15,0
0,0,3,dj,Correspondence,s14,0
0,0,3,dj,Correspondence,s9,0
0,0,3,dj,Correspondence,s12,0
0,0,3,dj,Correspondence,s13,0
0,1.584962501,3,dj,Correspondence,s16,0
0,0,0,dk,Correspondence,s3,0
0.918295834,1.584962501,0,dk,Correspondence,s2,0.459147917
0,0,0,dk,Correspondence,s4,0
0.811278124,2,0,dk,Correspondence,s1,0.405639062
0,0,0,dk,Correspondence,s9,0
0,0,0,dk,Correspondence,s13,0
0,0,0,dk,Correspondence,s16,0
0,1,0,dk,Correspondence,s15,0
0,0,0,dk,Correspondence,s13,0
0,0,0,dk,Correspondence,s14,0
0.970950594,2.321928095,1,dk,Correspondence,s2,0.485475297
0.918295834,1.584962501,1,dk,Correspondence,s1,0.459147917
0,1,1,dk,Correspondence,s12,0
0,0,1,dk,Correspondence,s2,0
0.918295834,1.584962501,1,dk,Correspondence,s15,0.459147917
0,0,1,dk,Correspondence,s16,0
0,0,1,dk,Correspondence,s13,0
0,2,2,dk,Correspondence,s2,0
1,2.584962501,2,dk,Correspondence,s16,0.5
1,1,2,dk,Correspondence,s15,0.5
0,1.584962501,2,dk,Correspondence,s1,0
0,0,2,dk,Correspondence,s4,0
0,2,3,dk,Correspondence,s2,0
0.811278124,2,3,dk,Correspondence,s16,0.405639062
0,0,3,dk,Correspondence,s4,0
0,0,3,dk,Correspondence,s3,0
0,1.584962501,3,dk,Correspondence,s15,0
0,1.584962501,3,dk,Correspondence,s1,0
1.985228136,3.807354922,0,dl,Correspondence,s13,0.992614068
0,0,0,dl,Correspondence,s15,0
0,0,0,dl,Correspondence,s16,0
1.392147224,3.169925001,1,dl,Correspondence,s13,0.696073612
0.918295834,1.584962501,1,dl,Correspondence,s12,0.459147917
0,1,1,dl,Correspondence,s2,0
0,0,1,dl,Correspondence,s4,0
0,0,1,dl,Correspondence,s14,0
0,1.584962501,2,dl,Correspondence,s14,0
0,0,2,dl,Correspondence,s6,0
0,1.584962501,2,dl,Correspondence,s13,0
0,0,2,dl,Correspondence,s15,0
0,0,2,dl,Correspondence,s11,0
0,0,2,dl,Correspondence,s7,0
1,1,2,dl,Correspondence,s12,0.5
0,0,2,dl,Correspondence,s9,0
0,1,2,dl,Correspondence,s4,0
0,0,2,dl,Correspondence,s8,0
0,0,3,dl,Correspondence,s2,0
0,0,3,dl,Correspondence,s14,0
0,1,3,dl,Correspondence,s6,0
0,1,3,dl,Correspondence,s13,0
0,1,3,dl,Correspondence,s9,0
0,0,3,dl,Correspondence,s15,0
0,1.584962501,3,dl,Correspondence,s11,0
0,1,3,dl,Correspondence,s4,0
0,1,3,dl,Correspondence,s8,0
0,0,0,dm,Correspondence,s2,0
0,0,0,dm,Correspondence,s4,0
0,1,0,dm,Correspondence,s1,0
0,1,0,dm,Correspondence,s14,0
0,0,0,dm,Correspondence,s13,0
0,0,0,dm,Correspondence,s15,0
0,0,0,dm,Correspondence,s5,0
0,0,0,dm,Correspondence,s8,0
0,0,0,dm,Correspondence,s9,0
1,1,0,dm,Correspondence,s12,0.5
0,1,0,dm,Correspondence,s10,0
0,0,0,dm,Correspondence,s11,0
1,1,1,dm,Correspondence,s2,0.5
1,1,1,dm,Correspondence,s1,0.5
0,0,1,dm,Correspondence,s3,0
1,1,1,dm,Correspondence,s4,0.5
0,0,1,dm,Correspondence,s16,0
0,0,1,dm,Correspondence,s6,0
0,0,1,dm,Correspondence,s8,0
0,0,1,dm,Correspondence,s12,0
1,1,1,dm,Correspondence,s10,0.5
0,1,1,dm,Correspondence,s11,0
0,0,1,dm,Correspondence,s9,0
1,1,2,dm,Correspondence,s2,0.5
0,1,2,dm,Correspondence,s3,0
1,1,2,dm,Correspondence,s4,0.5
0,0,2,dm,Correspondence,s16,0
0,0,2,dm,Correspondence,s15,0
0,0,2,dm,Correspondence,s6,0
0,0,2,dm,Correspondence,s8,0
0,0,2,dm,Correspondence,s11,0
1,1,2,dm,Correspondence,s12,0.5
0,1.584962501,2,dm,Correspondence,s10,0
0,0,3,dm,Correspondence,s2,0
0,1,3,dm,Correspondence,s3,0
0.918295834,1.584962501,3,dm,Correspondence,s14,0.459147917
0,0,3,dm,Correspondence,s16,0
0,0,3,dm,Correspondence,s15,0
0,1,3,dm,Correspondence,s6,0
1,1,3,dm,Correspondence,s12,0.5
0,0,3,dm,Correspondence,s11,0
0,1.584962501,3,dm,Correspondence,s10,0
0.918295834,1.584962501,0,dn,Correspondence,s14,0.459147917
0,0,0,dn,Correspondence,s12,0
1,1,0,dn,Correspondence,s11,0.5
0,0,0,dn,Correspondence,s6,0
0,0,0,dn,Correspondence,s15,0
0,1,0,dn,Correspondence,s2,0
0,0,0,dn,Correspondence,s16,0
0,0,0,dn,Correspondence,s4,0
0,1,0,dn,Correspondence,s1,0
0,0,0,dn,Correspondence,s8,0
0,0,0,dn,Correspondence,s9,0
1.584962501,1.584962501,1,dn,Correspondence,s16,0.792481251
0,0,1,dn,Correspondence,s11,0
0,0,1,dn,Correspondence,s3,0
0,0,1,dn,Correspondence,s8,0
0,0,1,dn,Correspondence,s15,0
1,1,1,dn,Correspondence,s14,0.5
1,1,1,dn,Correspondence,s5,0.5
0,0,1,dn,Correspondence,s10,0
1,1,1,dn,Correspondence,s7,0.5
0,1,1,dn,Correspondence,s1,0
0,0,2,dn,Correspondence,s15,0
0,0,2,dn,Correspondence,s8,0
0,0,2,dn,Correspondence,s3,0
1,1,2,dn,Correspondence,s11,0.5
0,0,2,dn,Correspondence,s2,0
0,0,2,dn,Correspondence,s6,0
0,1,2,dn,Correspondence,s10,0
0,0,2,dn,Correspondence,s14,0
0,0,2,dn,Correspondence,s9,0
1,1,2,dn,Correspondence,s5,0.5
0,1,2,dn,Correspondence,s7,0
0,0,2,dn,Correspondence,s1,0
0,0,3,dn,Correspondence,s15,0
0,0,3,dn,Correspondence,s11,0
0.918295834,1.584962501,3,dn,Correspondence,s7,0.459147917
0,0,3,dn,Correspondence,s14,0
0,0,3,dn,Correspondence,s2,0
0,0,3,dn,Correspondence,s6,0
0,0,3,dn,Correspondence,s8,0
0,0,3,dn,Correspondence,s16,0
0,0,3,dn,Correspondence,s9,0
1,1,3,dn,Correspondence,s5,0.5
0,1,3,dn,Correspondence,s1,0
0,0,3,dn,Correspondence,s4,0
0,0,0,do,Correspondence,s14,0
0,1.584962501,0,do,Correspondence,s10,0
0.721928095,2.321928095,0,do,Correspondence,s13,0.360964048
0,1.584962501,0,do,Correspondence,s15,0
0,0,0,do,Correspondence,s16,0
0,1,0,do,Correspondence,s1,0
0,0,0,do,Correspondence,s5,0
0,1,1,do,Correspondence,s14,0
0,1,1,do,Correspondence,s10,0
0,1,1,do,Correspondence,s13,0
0.918295834,1.584962501,1,do,Correspondence,s11,0.459147917
0,0,1,do,Correspondence,s9,0
0,0,1,do,Correspondence,s15,0
0.918295834,1.584962501,1,do,Correspondence,s6,0.459147917
0,1,1,do,Correspondence,s1,0
0,1,2,do,Correspondence,s13,0
0,1,2,do,Correspondence,s10,0
0,1,2,do,Correspondence,s1,0
1.5,2,2,do,Correspondence,s6,0.75
0,0,2,do,Correspondence,s9,0
0,0,2,do,Correspondence,s15,0
0,1,2,do,Correspondence,s11,0
0,1,2,do,Correspondence,s2,0
0,1,3,do,Correspondence,s13,0
0,1,3,do,Correspondence,s5,0
0,0,3,do,Correspondence,s16,0
0,0,3,do,Correspondence,s12,0
0,1,3,do,Correspondence,s9,0
0,1,3,do,Correspondence,s15,0
0,1,3,do,Correspondence,s11,0
0,1,3,do,Correspondence,s2,0
0,1,3,do,Correspondence,s6,0
1.584962501,1.584962501,0,cb,Dialogue,s3,0.792481251
1.5,2,0,cb,Dialogue,s16,0.75
1.5,2,0,cb,Dialogue,s15,0.75
0,1.584962501,0,cb,Dialogue,s14,0
0,1,0,cb,Dialogue,s11,0
0,2,1,cb,Dialogue,s16,0
0,2,1,cb,Dialogue,s14,0
0,2,1,cb,Dialogue,s15,0
0,2,1,cb,Dialogue,s11,0
0,2,2,cb,Dialogue,s16,0
0,2,2,cb,Dialogue,s14,0
0,2,2,cb,Dialogue,s15,0
0,2,2,cb,Dialogue,s11,0
0,2,3,cb,Dialogue,s16,0
0,2,3,cb,Dialogue,s14,0
0,2,3,cb,Dialogue,s15,0
0,2,3,cb,Dialogue,s11,0
0,1.584962501,0,cc,Dialogue,s1,0
1.370950594,2.321928095,0,cc,Dialogue,s5,0.685475297
1.5,2,0,cc,Dialogue,s9,0.75
0,0,0,cc,Dialogue,s6,0
0,0,0,cc,Dialogue,s10,0
1,1,0,cc,Dialogue,s11,0.5
0,2,1,cc,Dialogue,s1,0
0,2,1,cc,Dialogue,s5,0
0,2,1,cc,Dialogue,s11,0
0,2,1,cc,Dialogue,s9,0
0,2,2,cc,Dialogue,s1,0
0,2,2,cc,Dialogue,s5,0
0,2,2,cc,Dialogue,s11,0
0,2,2,cc,Dialogue,s9,0
0,2,3,cc,Dialogue,s1,0
0.721928095,2,3,cc,Dialogue,s5,0.360964048
0,2,3,cc,Dialogue,s11,0
0,2,3,cc,Dialogue,s9,0
0,1,0,cd,Dialogue,s2,0
0,0,0,cd,Dialogue,s6,0
0,0,0,cd,Dialogue,s16,0
0,1.584962501,0,cd,Dialogue,s11,0
0,0,0,cd,Dialogue,s5,0
0,1,0,cd,Dialogue,s1,0
0,1,0,cd,Dialogue,s2,0
0,0,0,cd,Dialogue,s9,0
0,1.584962501,0,cd,Dialogue,s10,0
0,2,1,cd,Dialogue,s2,0
0,1.584962501,1,cd,Dialogue,s11,0
0,0,1,cd,Dialogue,s9,0
0,2,1,cd,Dialogue,s1,0
0,2,1,cd,Dialogue,s10,0
0.721928095,2.321928095,2,cd,Dialogue,s2,0.360964048
0,2,2,cd,Dialogue,s11,0
0,1.584962501,2,cd,Dialogue,s1,0
0,2,2,cd,Dialogue,s10,0
0,2,3,cd,Dialogue,s2,0
0,2,3,cd,Dialogue,s11,0
0,2,3,cd,Dialogue,s1,0
0,2,3,cd,Dialogue,s10,0
0,1,0,ce,Dialogue,s2,0
1.5,2,0,ce,Dialogue,s11,0.75
0,1.584962501,0,ce,Dialogue,s13,0
0,0,0,ce,Dialogue,s10,0
1,1,0,ce,Dialogue,s4,0.5
0,0,0,ce,Dialogue,s7,0
0,0,0,ce,Dialogue,s15,0
0,0,0,ce,Dialogue,s12,0
0,0,0,ce,Dialogue,s3,0
0,2,1,ce,Dialogue,s2,0
0,2,1,ce,Dialogue,s13,0
0,2,1,ce,Dialogue,s15,0
0,2,1,ce,Dialogue,s16,0
0,2,2,ce,Dialogue,s2,0
0,0,2,ce,Dialogue,s3,0
0,2,2,ce,Dialogue,s13,0
0,1.584962501,2,ce,Dialogue,s15,0
0,2,2,ce,Dialogue,s16,0
0,2,3,ce,Dialogue,s2,0
0,2,3,ce,Dialogue,s13,0
0,2,3,ce,Dialogue,s15,0
0,2,3,ce,Dialogue,s16,0
0,0,0,cf,Dialogue,s4,0
0,0,0,cf,Dialogue,s3,0
0.918295834,1.584962501,0,cf,Dialogue,s13,0.459147917
0,0,0,cf,Dialogue,s15,0
0,1,0,cf,Dialogue,s1,0
0,0,0,cf,Dialogue,s8,0
0,1,0,cf,Dialogue,s12,0
0,0,0,cf,Dialogue,s16,0
0,1.584962501,0,cf,Dialogue,s11,0
0,0,0,cf,Dialogue,s7,0
0,2,1,cf,Dialogue,s13,0
0,2,1,cf,Dialogue,s1,0
0,2,1,cf,Dialogue,s12,0
0,2,1,cf,Dialogue,s11,0
0,2,2,cf,Dialogue,s13,0
0,2,2,cf,Dialogue,s1,0
0,2,2,cf,Dialogue,s12,0
0,2,2,cf,Dialogue,s11,0
0,2,3,cf,Dialogue,s13,0
0,2,3,cf,Dialogue,s1,0
0,2,3,cf,Dialogue,s12,0
0,2,3,cf,Dialogue,s11,0
0,2,0,cg,Dialogue,s2,0
0,1.584962501,0,cg,Dialogue,s16,0
0.721928095,2.321928095,0,cg,Dialogue,s5,0.360964048
0,2,0,cg,Dialogue,s1,0
0,2,1,cg,Dialogue,s2,0
0,2,1,cg,Dialogue,s16,0
0,2,1,cg,Dialogue,s1,0
0,2,1,cg,Dialogue,s5,0
0,2,2,cg,Dialogue,s2,0
0,2,2,cg,Dialogue,s16,0
0,2,2,cg,Dialogue,s1,0
0,2,2,cg,Dialogue,s5,0
0,2,3,cg,Dialogue,s2,0
0,2,3,cg,Dialogue,s16,0
0,2,3,cg,Dialogue,s1,0
0,2,3,cg,Dialogue,s5,0
0,0,0,ch,Dialogue,s14,0
0,0,0,ch,Dialogue,s13,0
0,0,0,ch,Dialogue,s16,0
0,0,0,ch,Dialogue,s15,0
0,2,0,ch,Dialogue,s3,0
0,2,0,ch,Dialogue,s10,0
0,2,0,ch,Dialogue,s16,0
0.721928095,2.321928095,1,ch,Dialogue,s14,0.360964048
0,2,1,ch,Dialogue,s3,0
0,2,1,ch,Dialogue,s10,0
0,1.584962501,1,ch,Dialogue,s13,0
0,2,2,ch,Dialogue,s14,0
0,2,2,ch,Dialogue,s3,0
0,2,2,ch,Dialogue,s10,0
0,2,2,ch,Dialogue,s13,0
0,2,3,ch,Dialogue,s14,0
0,2,3,ch,Dialogue,s3,0
0,2,3,ch,Dialogue,s10,0
0,2,3,ch,Dialogue,s13,0
0,2,0,ci,Dialogue,s2,0
0,2,0,ci,Dialogue,s1,0
0,2,0,ci,Dialogue,s6,0
0,1.584962501,0,ci,Dialogue,s3,0
0,0,0,ci,Dialogue,s4,0
0,2,1,ci,Dialogue,s2,0
0,2,1,ci,Dialogue,s1,0
0,2,1,ci,Dialogue,s6,0
0,2,1,ci,Dialogue,s3,0
0,2,2,ci,Dialogue,s2,0
0,2,2,ci,Dialogue,s1,0
0,2,2,ci,Dialogue,s6,0
0,2,2,ci,Dialogue,s3,0
0,2,3,ci,Dialogue,s2,0
0,2,3,ci,Dialogue,s1,0
0,2,3,ci,Dialogue,s6,0
0,2,3,ci,Dialogue,s3,0
0,1,0,cj,Dialogue,s1,0
1,1,0,cj,Dialogue,s2,0.5
1.584962501,1.584962501,0,cj,Dialogue,s13,0.792481251
0,0,0,cj,Dialogue,s16,0
0,1,0,cj,Dialogue,s10,0
0,0,0,cj,Dialogue,s12,0
0,1,0,cj,Dialogue,s6,0
0,0,0,cj,Dialogue,s11,0
0,0,0,cj,Dialogue,s4,0
0,0,0,cj,Dialogue,s8,0
0,0,1,cj,Dialogue,s5,0
1,1,1,cj,Dialogue,s10,0.5
1.5,2,1,cj,Dialogue,s2,0.75
0,0,1,cj,Dialogue,s11,0
0,0,1,cj,Dialogue,s12,0
0,1,1,cj,Dialogue,s7,0
0,0,1,cj,Dialogue,s1,0
1,1,1,cj,Dialogue,s8,0.5
1,1,1,cj,Dialogue,s15,0.5
0,0,2,cj,Dialogue,s8,0
0,0,2,cj,Dialogue,s13,0
0,0,2,cj,Dialogue,s14,0
0,0,2,cj,Dialogue,s1,0
1,1,2,cj,Dialogue,s4,0.5
0,0,2,cj,Dialogue,s2,0
1.584962501,1.584962501,2,cj,Dialogue,s15,0.792481251
0,0,2,cj,Dialogue,s6,0
0,0,2,cj,Dialogue,s12,0
0,1,2,cj,Dialogue,s10,0
0,0,2,cj,Dialogue,s9,0
0,0,2,cj,Dialogue,s5,0
1,1,3,cj,Dialogue,s12,0.5
0.918295834,1.584962501,3,cj,Dialogue,s1,0.459147917
1,1,3,cj,Dialogue,s11,0.5
1,1,3,cj,Dialogue,s3,0.5
1,1,3,cj,Dialogue,s4,0.5
0,0,3,cj,Dialogue,s5,0
0,0,3,cj,Dialogue,s10,0
0,1,3,cj,Dialogue,s6,0
0,0,3,cj,Dialogue,s8,0
0,2,0,ck,Dialogue,s2,0
0,2,0,ck,Dialogue,s13,0
0,0,0,ck,Dialogue,s14,0
0.811278124,2,0,ck,Dialogue,s15,0.405639062
0,1,0,ck,Dialogue,s1,0
0,0,0,ck,Dialogue,s9,0
0,2,1,ck,Dialogue,s2,0
0,2,1,ck,Dialogue,s13,0
0,2,1,ck,Dialogue,s15,0
0,2,1,ck,Dialogue,s1,0
0,2,2,ck,Dialogue,s2,0
0,2,2,ck,Dialogue,s13,0
0,2,2,ck,Dialogue,s15,0
0,2,2,ck,Dialogue,s1,0
0,2,3,ck,Dialogue,s2,0
0,2,3,ck,Dialogue,s13,0
0,2,3,ck,Dialogue,s15,0
0,2,3,ck,Dialogue,s1,0
0,2,0,cl,Dialogue,s2,0
0,2,0,cl,Dialogue,s4,0
0,2,0,cl,Dialogue,s1,0
0,2,0,cl,Dialogue,s3,0
0,2,1,cl,Dialogue,s2,0
0,2,1,cl,Dialogue,s4,0
0,2,1,cl,Dialogue,s1,0
0,2,1,cl,Dialogue,s3,0
0,2,2,cl,Dialogue,s2,0
0,2,2,cl,Dialogue,s4,0
0,2,2,cl,Dialogue,s1,0
0,2,2,cl,Dialogue,s3,0
0,2,3,cl,Dialogue,s2,0
0,2,3,cl,Dialogue,s4,0
0,2,3,cl,Dialogue,s1,0
0,2,3,cl,Dialogue,s3,0
1.5,2,0,cm,Dialogue,s13,0.75
0,0,0,cm,Dialogue,s15,0
1,1,0,cm,Dialogue,s2,0.5
0,0,0,cm,Dialogue,s9,0
0.918295834,1.584962501,0,cm,Dialogue,s1,0.459147917
0,0,0,cm,Dialogue,s14,0
0,0,0,cm,Dialogue,s3,0
0,0,0,cm,Dialogue,s4,0
0,0,0,cm,Dialogue,s8,0
0,0,0,cm,Dialogue,s9,0
2,4,1,cm,Dialogue,s1,1
1.936260028,3.459431619,2,cm,Dialogue,s1,0.968130014
0,0,2,cm,Dialogue,s2,0
0,0,2,cm,Dialogue,s6,0
0,0,2,cm,Dialogue,s3,0
0,0,2,cm,Dialogue,s14,0
0,0,2,cm,Dialogue,s13,0
1,1,3,cm,Dialogue,s16,0.5
1.584962501,1.584962501,3,cm,Dialogue,s15,0.792481251
1.5,2,3,cm,Dialogue,s2,0.75
0,0,3,cm,Dialogue,s7,0
0,0,3,cm,Dialogue,s4,0
0.918295834,1.584962501,3,cm,Dialogue,s13,0.459147917
0,0,3,cm,Dialogue,s9,0
0,0,3,cm,Dialogue,s11,0
0,1.584962501,0,cn,Dialogue,s15,0
0,0,0,cn,Dialogue,s5,0
0,2,0,cn,Dialogue,s11,0
0,2,0,cn,Dialogue,s10,0
0,2,0,cn,Dialogue,s3,0
0,2,1,cn,Dialogue,s15,0
0,2,1,cn,Dialogue,s11,0
0,2,1,cn,Dialogue,s10,0
0,2,1,cn,Dialogue,s3,0
0,2,2,cn,Dialogue,s15,0
0,1.584962501,2,cn,Dialogue,s11,0
0,0,2,cn,Dialogue,s7,0
0,2,2,cn,Dialogue,s10,0
0,2,2,cn,Dialogue,s3,0
0,2,3,cn,Dialogue,s15,0
0,2,3,cn,Dialogue,s11,0
0,2,3,cn,Dialogue,s10,0
0,2,3,cn,Dialogue,s3,0
0,2,0,co,Dialogue,s2,0
0,2,0,co,Dialogue,s13,0
0,2,0,co,Dialogue,s3,0
0,1.584962501,0,co,Dialogue,s11,0
0,0,0,co,Dialogue,s10,0
0,2,1,co,Dialogue,s2,0
0,2,1,co,Dialogue,s13,0
0,2,1,co,Dialogue,s3,0
0,2,1,co,Dialogue,s11,0
0,2,2,co,Dialogue,s2,0
0,2,2,co,Dialogue,s13,0
0,2,2,co,Dialogue,s3,0
0,2,2,co,Dialogue,s11,0
0,2,3,co,Dialogue,s2,0
0,2,3,co,Dialogue,s13,0
0,2,3,co,Dialogue,s3,0
0,2,3,co,Dialogue,s11,0
0,2,0,ca,Dialogue,s1,0
0.721928095,2.321928095,0,ca,Dialogue,s6,0.360964048
0,2,0,ca,Dialogue,s15,0
0,1.584962501,0,ca,Dialogue,s10,0
0,2,1,ca,Dialogue,s1,0
0,0,1,ca,Dialogue,s3,0
0,0,1,ca,Dialogue,s2,0
0.811278124,2,1,ca,Dialogue,s6,0.405639062
0,0,1,ca,Dialogue,s7,0
0,1,1,ca,Dialogue,s15,0
0,0,1,ca,Dialogue,s16,0
0,0,1,ca,Dialogue,s13,0
0,0,1,ca,Dialogue,s10,0
0,2,2,ca,Dialogue,s1,0
0.721928095,2,2,ca,Dialogue,s2,0.360964048
0,2,2,ca,Dialogue,s15,0
0,2,2,ca,Dialogue,s7,0
0,2,3,ca,Dialogue,s1,0
0,2,3,ca,Dialogue,s2,0
0,2,3,ca,Dialogue,s15,0
0,2,3,ca,Dialogue,s6,0
0,0,0,aa,Mnemonic,s2,0
0.918295834,1.584962501,0,aa,Mnemonic,s3,0.459147917
0,0,0,aa,Mnemonic,s5,0
1.584962501,1.584962501,0,aa,Mnemonic,s6,0.792481251
1,1,0,aa,Mnemonic,s9,0.5
1,1,0,aa,Mnemonic,s10,0.5
0,0,0,aa,Mnemonic,s12,0
0.918295834,1.584962501,0,aa,Mnemonic,s13,0.459147917
0,0,1,aa,Mnemonic,s2,0
0,1,1,aa,Mnemonic,s3,0
0,0,1,aa,Mnemonic,s4,0
0,0,1,aa,Mnemonic,s6,0
0,0,1,aa,Mnemonic,s9,0
1.5,2,1,aa,Mnemonic,s10,0.75
0,0,1,aa,Mnemonic,s11,0
1,1,1,aa,Mnemonic,s12,0.5
0.918295834,1.584962501,1,aa,Mnemonic,s15,0.459147917
0,0,2,aa,Mnemonic,s1,0
0,0,2,aa,Mnemonic,s2,0
0,0,2,aa,Mnemonic,s3,0
0,0,2,aa,Mnemonic,s4,0
0,0,2,aa,Mnemonic,s6,0
0,0,2,aa,Mnemonic,s7,0
1,1,2,aa,Mnemonic,s8,0.5
0,0,2,aa,Mnemonic,s9,0
0,0,2,aa,Mnemonic,s10,0
1,1,2,aa,Mnemonic,s11,0.5
0,0,2,aa,Mnemonic,s12,0
0,0,2,aa,Mnemonic,s14,0
0,0,2,aa,Mnemonic,s15,0
0,0,2,aa,Mnemonic,s16,0
0.918295834,1.584962501,3,aa,Mnemonic,s1,0.459147917
0,0,3,aa,Mnemonic,s2,0
0,0,3,aa,Mnemonic,s4,0
0,0,3,aa,Mnemonic,s5,0
0.918295834,1.584962501,3,aa,Mnemonic,s6,0.459147917
0,0,3,aa,Mnemonic,s7,0
0,0,3,aa,Mnemonic,s9,0
1,1,3,aa,Mnemonic,s10,0.5
0,0,3,aa,Mnemonic,s11,0
1,1,3,aa,Mnemonic,s16,0.5
0,1.584962501,0,ab,Mnemonic,s3,0
0,0,0,ab,Mnemonic,s7,0
0,1,0,ab,Mnemonic,s13,0
0.918295834,1.584962501,0,ab,Mnemonic,s9,0.459147917
0,1,0,ab,Mnemonic,s14,0
0.918295834,1.584962501,0,ab,Mnemonic,s6,0.459147917
0,1,0,ab,Mnemonic,s2,0
0,1,1,ab,Mnemonic,s1,0
0,0,1,ab,Mnemonic,s3,0
0,0,1,ab,Mnemonic,s7,0
0,1,1,ab,Mnemonic,s13,0
0,1,1,ab,Mnemonic,s9,0
0,1,1,ab,Mnemonic,s14,0
0,0,1,ab,Mnemonic,s10,0
0.918295834,1.584962501,1,ab,Mnemonic,s6,0.459147917
0,1,1,ab,Mnemonic,s2,0
0,1,2,ab,Mnemonic,s1,0
0,0,2,ab,Mnemonic,s3,0
0,0,2,ab,Mnemonic,s7,0
0,1,2,ab,Mnemonic,s13,0
0,1,2,ab,Mnemonic,s9,0
0,1,2,ab,Mnemonic,s14,0
0,1,2,ab,Mnemonic,s10,0
0,1,2,ab,Mnemonic,s2,0
0,1,2,ab,Mnemonic,s6,0
0,1,3,ab,Mnemonic,s1,0
0,0,3,ab,Mnemonic,s3,0
0,0,3,ab,Mnemonic,s7,0
0,1,3,ab,Mnemonic,s13,0
0,1,3,ab,Mnemonic,s9,0
0,1,3,ab,Mnemonic,s14,0
0,1,3,ab,Mnemonic,s10,0
0,1,3,ab,Mnemonic,s2,0
0,1,3,ab,Mnemonic,s6,0
0,0,0,ac,Mnemonic,s9,0
0.918295834,1.584962501,0,ac,Mnemonic,s13,0.459147917
0.918295834,1.584962501,0,ac,Mnemonic,s1,0.459147917
0,0,0,ac,Mnemonic,s6,0
0,1,0,ac,Mnemonic,s3,0
0,0,0,ac,Mnemonic,s5,0
0,2,0,ac,Mnemonic,s4,0
0,0,0,ac,Mnemonic,s2,0
0,2,1,ac,Mnemonic,s1,0
0,2,1,ac,Mnemonic,s3,0
0,2,1,ac,Mnemonic,s4,0
0,2,1,ac,Mnemonic,s2,0
0,2,2,ac,Mnemonic,s1,0
0,2,2,ac,Mnemonic,s3,0
0,2,2,ac,Mnemonic,s4,0
0,2,2,ac,Mnemonic,s2,0
0,2,3,ac,Mnemonic,s1,0
0,2,3,ac,Mnemonic,s3,0
0,2,3,ac,Mnemonic,s4,0
0,2,3,ac,Mnemonic,s2,0
1,1,0,ad,Mnemonic,s1,0.5
0,0,0,ad,Mnemonic,s15,0
0,0,0,ad,Mnemonic,s5,0
0,0,0,ad,Mnemonic,s3,0
0,0,0,ad,Mnemonic,s9,0
0,0,0,ad,Mnemonic,s10,0
0,0,0,ad,Mnemonic,s12,0
0,0,0,ad,Mnemonic,s16,0
0,0,0,ad,Mnemonic,s7,0
0,0,0,ad,Mnemonic,s2,0
0,0,0,ad,Mnemonic,s4,0
0,1,0,ad,Mnemonic,s13,0
0,1,0,ad,Mnemonic,s11,0
1.459147917,2.584962501,1,ad,Mnemonic,s1,0.729573959
0,0,1,ad,Mnemonic,s12,0
0,0,1,ad,Mnemonic,s5,0
0,0,1,ad,Mnemonic,s16,0
0,1,1,ad,Mnemonic,s2,0
0,0,1,ad,Mnemonic,s9,0
1,1,1,ad,Mnemonic,s13,0.5
0,0,1,ad,Mnemonic,s8,0
0,0,1,ad,Mnemonic,s4,0
1.5,2,2,ad,Mnemonic,s13,0.75
0,0,2,ad,Mnemonic,s15,0
1,1,2,ad,Mnemonic,s2,0.5
0.918295834,1.584962501,2,ad,Mnemonic,s16,0.459147917
1.5,2,2,ad,Mnemonic,s4,0.75
0,0,2,ad,Mnemonic,s3,0
0,0,2,ad,Mnemonic,s1,0
1.448815636,2.584962501,3,ad,Mnemonic,s13,0.724407818
1.370950594,2.321928095,3,ad,Mnemonic,s15,0.685475297
0,1,3,ad,Mnemonic,s16,0
0,1,0,ae,Mnemonic,s10,0
1,1,0,ae,Mnemonic,s7,0.5
0,0,0,ae,Mnemonic,s9,0
0,0,0,ae,Mnemonic,s3,0
1,1,0,ae,Mnemonic,s14,0.5
0,0,0,ae,Mnemonic,s6,0
0,0,0,ae,Mnemonic,s8,0
0,0,0,ae,Mnemonic,s2,0
0,0,0,ae,Mnemonic,s13,0
0,1,0,ae,Mnemonic,s1,0
0,0,0,ae,Mnemonic,s12,0
0,0,0,ae,Mnemonic,s5,0
0,1.584962501,1,ae,Mnemonic,s14,0
1,1,1,ae,Mnemonic,s12,0.5
0,0,1,ae,Mnemonic,s4,0
0,0,1,ae,Mnemonic,s2,0
1,1,1,ae,Mnemonic,s6,0.5
0,0,1,ae,Mnemonic,s9,0
0,0,1,ae,Mnemonic,s16,0
1,1,1,ae,Mnemonic,s7,0.5
0,1.584962501,1,ae,Mnemonic,s1,0
0,2,2,ae,Mnemonic,s14,0
0,0,2,ae,Mnemonic,s12,0
0,2,2,ae,Mnemonic,s2,0
0,1,2,ae,Mnemonic,s4,0
0,0,2,ae,Mnemonic,s8,0
0,0,2,ae,Mnemonic,s11,0
0,2,2,ae,Mnemonic,s1,0
0,2,3,ae,Mnemonic,s14,0
0,2,3,ae,Mnemonic,s2,0
0,1,3,ae,Mnemonic,s4,0
1,1,3,ae,Mnemonic,s8,0.5
0,0,3,ae,Mnemonic,s3,0
0,1.584962501,3,ae,Mnemonic,s1,0
1,1,0,af,Mnemonic,s2,0.5
0,0,0,af,Mnemonic,s15,0
0,0,0,af,Mnemonic,s13,0
0,0,0,af,Mnemonic,s8,0
0,0,0,af,Mnemonic,s5,0
0,0,0,af,Mnemonic,s6,0
0,0,0,af,Mnemonic,s10,0
0,1,0,af,Mnemonic,s11,0
0,0,0,af,Mnemonic,s16,0
0,0,0,af,Mnemonic,s3,0
0,0,0,af,Mnemonic,s1,0
0,0,0,af,Mnemonic,s14,0
0,0,0,af,Mnemonic,s9,0
0,0,0,af,Mnemonic,s12,0
1.5,2,1,af,Mnemonic,s13,0.75
1.842370993,2.807354922,1,af,Mnemonic,s15,0.921185497
1.584962501,1.584962501,1,af,Mnemonic,s11,0.792481251
0,0,1,af,Mnemonic,s16,0
0,0,1,af,Mnemonic,s3,0
0,0,2,af,Mnemonic,s13,0
1.921928095,2.321928095,2,af,Mnemonic,s15,0.960964048
0,0,2,af,Mnemonic,s7,0
1.584962501,1.584962501,2,af,Mnemonic,s11,0.792481251
0,0,2,af,Mnemonic,s16,0
0,1,2,af,Mnemonic,s2,0
0,0,2,af,Mnemonic,s12,0
0,1,2,af,Mnemonic,s1,0
1.584962501,1.584962501,3,af,Mnemonic,s1,0.792481251
1,1,3,af,Mnemonic,s15,0.5
0,0,3,af,Mnemonic,s9,0
0,0,3,af,Mnemonic,s11,0
0,0,3,af,Mnemonic,s16,0
1,1,3,af,Mnemonic,s12,0.5
0,0,3,af,Mnemonic,s10,0
0.918295834,1.584962501,3,af,Mnemonic,s3,0.459147917
1,1,3,af,Mnemonic,s7,0.5
0,0,0,ag,Mnemonic,s9,0
1.584962501,1.584962501,0,ag,Mnemonic,s13,0.792481251
1.5,2,0,ag,Mnemonic,s15,0.75
0,0,0,ag,Mnemonic,s1,0
0,0,0,ag,Mnemonic,s2,0
0,0,0,ag,Mnemonic,s3,0
0,0,0,ag,Mnemonic,s16,0
1,1,0,ag,Mnemonic,s11,0.5
0,0,0,ag,Mnemonic,s8,0
0,0,0,ag,Mnemonic,s7,0
1,1,1,ag,Mnemonic,s7,0.5
1.5,2,1,ag,Mnemonic,s15,0.75
0.918295834,1.584962501,1,ag,Mnemonic,s11,0.459147917
1.5,2,1,ag,Mnemonic,s2,0.75
0,0,1,ag,Mnemonic,s3,0
0,0,1,ag,Mnemonic,s13,0
0,0,1,ag,Mnemonic,s1,0
0,2,2,ag,Mnemonic,s5,0
1.370950594,2.321928095,2,ag,Mnemonic,s13,0.685475297
0.811278124,2,2,ag,Mnemonic,s1,0.405639062
0,0,2,ag,Mnemonic,s9,0
0,1,2,ag,Mnemonic,s2,0
0,2,3,ag,Mnemonic,s5,0
0,2,3,ag,Mnemonic,s13,0
0,2,3,ag,Mnemonic,s9,0
0,2,3,ag,Mnemonic,s1,0
0,1,0,ah,Mnemonic,s5,0
0,0,0,ah,Mnemonic,s13,0
0,0,0,ah,Mnemonic,s15,0
0,1,0,ah,Mnemonic,s16,0
0,0,0,ah,Mnemonic,s6,0
0,0,0,ah,Mnemonic,s12,0
0,0,0,ah,Mnemonic,s3,0
0,1,0,ah,Mnemonic,s4,0
0,0,0,ah,Mnemonic,s14,0
0,1.584962501,0,ah,Mnemonic,s2,0
0,0,0,ah,Mnemonic,s5,0
0,0,1,ah,Mnemonic,s15,0
0,1,1,ah,Mnemonic,s7,0
0.811278124,2,1,ah,Mnemonic,s3,0.405639062
0,0,1,ah,Mnemonic,s11,0
0,1,1,ah,Mnemonic,s1,0
0,0,1,ah,Mnemonic,s5,0
0,0,1,ah,Mnemonic,s9,0
0,1.584962501,1,ah,Mnemonic,s2,0
0,0,1,ah,Mnemonic,s6,0
0,1.584962501,2,ah,Mnemonic,s3,0
0,0,2,ah,Mnemonic,s15,0
0,0,2,ah,Mnemonic,s1,0
0,0,2,ah,Mnemonic,s5,0
0,1,2,ah,Mnemonic,s9,0
0,1,2,ah,Mnemonic,s4,0
0,0,2,ah,Mnemonic,s8,0
0,0,2,ah,Mnemonic,s10,0
0,1,2,ah,Mnemonic,s2,0
0,0,2,ah,Mnemonic,s14,0
0,0,2,ah,Mnemonic,s6,0
0,1,3,ah,Mnemonic,s3,0
0,0,3,ah,Mnemonic,s7,0
0,0,3,ah,Mnemonic,s15,0
0,1,3,ah,Mnemonic,s1,0
0,1,3,ah,Mnemonic,s5,0
0,1,3,ah,Mnemonic,s8,0
0,0,3,ah,Mnemonic,s4,0
0,0,3,ah,Mnemonic,s12,0
0,1,3,ah,Mnemonic,s2,0
0,1,3,ah,Mnemonic,s14,0
0,0,0,ai,Mnemonic,s2,0
1,1,0,ai,Mnemonic,s3,0.5
1,1,0,ai,Mnemonic,s1,0.5
0,0,0,ai,Mnemonic,s12,0
0,1,0,ai,Mnemonic,s9,0
1.584962501,1.584962501,0,ai,Mnemonic,s14,0.792481251
0,0,0,ai,Mnemonic,s6,0
0,0,0,ai,Mnemonic,s16,0
0,0,0,ai,Mnemonic,s15,0
0,0,0,ai,Mnemonic,s11,0
0,0,0,ai,Mnemonic,s10,0
0,0,1,ai,Mnemonic,s1,0
0,0,1,ai,Mnemonic,s3,0
0,0,1,ai,Mnemonic,s7,0
1,1,1,ai,Mnemonic,s6,0.5
0,0,1,ai,Mnemonic,s2,0
0,1,1,ai,Mnemonic,s4,0
0,0,1,ai,Mnemonic,s13,0
0,0,1,ai,Mnemonic,s8,0
0,0,1,ai,Mnemonic,s5,0
1,1,1,ai,Mnemonic,s11,0.5
0,0,1,ai,Mnemonic,s14,0
0,0,1,ai,Mnemonic,s15,0
0,0,1,ai,Mnemonic,s12,0
0,1,2,ai,Mnemonic,s1,0
0,0,2,ai,Mnemonic,s3,0
0,0,2,ai,Mnemonic,s5,0
0,1,2,ai,Mnemonic,s2,0
0,0,2,ai,Mnemonic,s4,0
0,0,2,ai,Mnemonic,s6,0
1,1,2,ai,Mnemonic,s13,0.5
0.918295834,1.584962501,2,ai,Mnemonic,s14,0.459147917
1,1,2,ai,Mnemonic,s15,0.5
0,0,2,ai,Mnemonic,s11,0
0,1,3,ai,Mnemonic,s1,0
0,1,3,ai,Mnemonic,s5,0
0,0,3,ai,Mnemonic,s2,0
0,1,3,ai,Mnemonic,s6,0
0,0,3,ai,Mnemonic,s4,0
0.918295834,1.584962501,3,ai,Mnemonic,s13,0.459147917
0,0,3,ai,Mnemonic,s16,0
0,0,3,ai,Mnemonic,s10,0
0,0,3,ai,Mnemonic,s14,0
0,1,3,ai,Mnemonic,s15,0
2,2,0,aj,Mnemonic,s6,1
0.918295834,1.584962501,0,aj,Mnemonic,s5,0.459147917
0,0,0,aj,Mnemonic,s14,0
0,0,0,aj,Mnemonic,s4,0
0,0,0,aj,Mnemonic,s3,0
0,0,0,aj,Mnemonic,s9,0
0,0,0,aj,Mnemonic,s15,0
0,0,0,aj,Mnemonic,s16,0
0,0,0,aj,Mnemonic,s10,0
0,0,0,aj,Mnemonic,s1,0
0,0,0,aj,Mnemonic,s2,0
1.989898095,3.906890596,1,aj,Mnemonic,s2,0.994949048
0,0,1,aj,Mnemonic,s13,0
1,3,2,aj,Mnemonic,s2,0.5
1,3,2,aj,Mnemonic,s1,0.5
1,3,3,aj,Mnemonic,s2,0.5
1,3,3,aj,Mnemonic,s1,0.5
0,0,0,ak,Mnemonic,s1,0
0,1,0,ak,Mnemonic,s5,0
0,0,0,ak,Mnemonic,s16,0
0,0,0,ak,Mnemonic,s2,0
0,1,0,ak,Mnemonic,s10,0
0,0,0,ak,Mnemonic,s6,0
0,0,0,ak,Mnemonic,s15,0
0,1.584962501,0,ak,Mnemonic,s11,0
0,1,0,ak,Mnemonic,s2,0
0,0,0,ak,Mnemonic,s8,0
0,0,0,ak,Mnemonic,s4,0
0,1,1,ak,Mnemonic,s1,0
0,1,1,ak,Mnemonic,s5,0
0.918295834,1.584962501,1,ak,Mnemonic,s2,0.459147917
0,1,1,ak,Mnemonic,s10,0
0,0,1,ak,Mnemonic,s6,0
0,1,1,ak,Mnemonic,s15,0
0,1,1,ak,Mnemonic,s11,0
0,1,1,ak,Mnemonic,s7,0
0,0,2,ak,Mnemonic,s1,0
0,1.584962501,2,ak,Mnemonic,s5,0
0,0,2,ak,Mnemonic,s2,0
0,1.584962501,2,ak,Mnemonic,s6,0
0,0,2,ak,Mnemonic,s15,0
0,1.584962501,2,ak,Mnemonic,s11,0
0,1,2,ak,Mnemonic,s2,0
0,1,2,ak,Mnemonic,s7,0
0,1,3,ak,Mnemonic,s1,0
0,1,3,ak,Mnemonic,s5,0
0,0,3,ak,Mnemonic,s14,0
0,1.584962501,3,ak,Mnemonic,s10,0
0,1,3,ak,Mnemonic,s15,0
0,1,3,ak,Mnemonic,s11,0
0,1,3,ak,Mnemonic,s2,0
0,1,3,ak,Mnemonic,s7,0
0,0,0,al,Mnemonic,s1,0
0,0,0,al,Mnemonic,s2,0
0,0,0,al,Mnemonic,s4,0
0,0,0,al,Mnemonic,s8,0
0,0,0,al,Mnemonic,s13,0
0,0,0,al,Mnemonic,s5,0
0,1,0,al,Mnemonic,s14,0
0,0,0,al,Mnemonic,s11,0
0,0,0,al,Mnemonic,s7,0
0,0,0,al,Mnemonic,s12,0
0.918295834,1.584962501,0,al,Mnemonic,s16,0.459147917
0,0,0,al,Mnemonic,s15,0
0,0,0,al,Mnemonic,s13,0
0,0,1,al,Mnemonic,s3,0
0,0,1,al,Mnemonic,s4,0
0,1,1,al,Mnemonic,s2,0
1,1,1,al,Mnemonic,s15,0.5
0,0,1,al,Mnemonic,s13,0
1,2,1,al,Mnemonic,s14,0.5
0,0,1,al,Mnemonic,s5,0
0,0,1,al,Mnemonic,s11,0
0,0,1,al,Mnemonic,s10,0
0,0,1,al,Mnemonic,s12,0
0,0,1,al,Mnemonic,s16,0
0,0,2,al,Mnemonic,s3,0
0,1,2,al,Mnemonic,s4,0
0,0,2,al,Mnemonic,s2,0
0,0,2,al,Mnemonic,s5,0
0,0,2,al,Mnemonic,s7,0
0,1,2,al,Mnemonic,s8,0
0,1,2,al,Mnemonic,s11,0
0,0,2,al,Mnemonic,s9,0
0,0,2,al,Mnemonic,s12,0
0,0,2,al,Mnemonic,s15,0
0,0,2,al,Mnemonic,s13,0
0,1,2,al,Mnemonic,s16,0
0,1,3,al,Mnemonic,s1,0
0,0,3,al,Mnemonic,s4,0
0,0,3,al,Mnemonic,s2,0
0,0,3,al,Mnemonic,s7,0
0,1,3,al,Mnemonic,s5,0
0,0,3,al,Mnemonic,s8,0
0,0,3,al,Mnemonic,s9,0
0,0,3,al,Mnemonic,s11,0
0,1,3,al,Mnemonic,s12,0
0,0,3,al,Mnemonic,s15,0
0,0,3,al,Mnemonic,s13,0
0,1,3,al,Mnemonic,s16,0
1,2,0,am,Mnemonic,s8,0.5
0,0,0,am,Mnemonic,s3,0
0,0,0,am,Mnemonic,s7,0
0,1.584962501,0,am,Mnemonic,s2,0
0,0,0,am,Mnemonic,s6,0
0.918295834,1.584962501,0,am,Mnemonic,s9,0.459147917
0,0,0,am,Mnemonic,s7,0
0,0,0,am,Mnemonic,s11,0
0,0,0,am,Mnemonic,s4,0
0.811278124,2,1,am,Mnemonic,s8,0.405639062
0,0,1,am,Mnemonic,s12,0
0,1.584962501,1,am,Mnemonic,s2,0
0,0,1,am,Mnemonic,s6,0
0,0,1,am,Mnemonic,s15,0
0,0,1,am,Mnemonic,s13,0
0.918295834,1.584962501,1,am,Mnemonic,s5,0.459147917
0,1,1,am,Mnemonic,s4,0
0.970950594,2.321928095,2,am,Mnemonic,s8,0.485475297
0,0,2,am,Mnemonic,s12,0
0,1,2,am,Mnemonic,s2,0
0,1,2,am,Mnemonic,s6,0
0,0,2,am,Mnemonic,s5,0
0,1,2,am,Mnemonic,s13,0
0,0,2,am,Mnemonic,s7,0
0,1,2,am,Mnemonic,s4,0
0,1,3,am,Mnemonic,s4,0
0,0,3,am,Mnemonic,s8,0
0,0,3,am,Mnemonic,s9,0
0,1,3,am,Mnemonic,s2,0
0,0,3,am,Mnemonic,s6,0
0,0,3,am,Mnemonic,s10,0
0,0,3,am,Mnemonic,s15,0
0,0,3,am,Mnemonic,s7,0
0,1,3,am,Mnemonic,s5,0
0,1.584962501,3,am,Mnemonic,s4,0
0,0,3,am,Mnemonic,s13,0
0,0,0,an,Mnemonic,s2,0
0,1,0,an,Mnemonic,s16,0
0,0,0,an,Mnemonic,s15,0
0,0,0,an,Mnemonic,s9,0
0,0,0,an,Mnemonic,s1,0
0,0,0,an,Mnemonic,s14,0
0,0,0,an,Mnemonic,s5,0
0,1.584962501,0,an,Mnemonic,s4,0
0,0,0,an,Mnemonic,s3,0
0,1,0,an,Mnemonic,s13,0
0,1,0,an,Mnemonic,s9,0
0,1.584962501,1,an,Mnemonic,s16,0
0,0,1,an,Mnemonic,s6,0
0,1,1,an,Mnemonic,s1,0
0,1,1,an,Mnemonic,s5,0
0,1,1,an,Mnemonic,s4,0
0,0,1,an,Mnemonic,s8,0
0,0,1,an,Mnemonic,s15,0
0,1,1,an,Mnemonic,s13,0
0,1,1,an,Mnemonic,s9,0
0,0,2,an,Mnemonic,s2,0
0,1.584962501,2,an,Mnemonic,s16,0
0,1,2,an,Mnemonic,s1,0
0,1,2,an,Mnemonic,s5,0
0,1.584962501,2,an,Mnemonic,s4,0
0,0,2,an,Mnemonic,s15,0
0,1,2,an,Mnemonic,s13,0
0,1,2,an,Mnemonic,s10,0
0,0,3,an,Mnemonic,s2,0
0,1,3,an,Mnemonic,s16,0
0,0,3,an,Mnemonic,s12,0
0,1,3,an,Mnemonic,s1,0
0,1,3,an,Mnemonic,s5,0
0,1.584962501,3,an,Mnemonic,s4,0
0,0,3,an,Mnemonic,s15,0
0,1,3,an,Mnemonic,s13,0
0,0,3,an,Mnemonic,s9,0
0,0,3,an,Mnemonic,s10,0
0,1,0,ao,Mnemonic,s1,0
0,0,0,ao,Mnemonic,s11,0
0,0,0,ao,Mnemonic,s8,0
0,0,0,ao,Mnemonic,s2,0
0,0,0,ao,Mnemonic,s12,0
0,0,0,ao,Mnemonic,s4,0
0,0,0,ao,Mnemonic,s3,0
1,1,0,ao,Mnemonic,s6,0.5
0,0,0,ao,Mnemonic,s7,0
0,1,0,ao,Mnemonic,s13,0
0,0,0,ao,Mnemonic,s16,0
0,0,0,ao,Mnemonic,s10,0
0,0,0,ao,Mnemonic,s15,0
0,1,1,ao,Mnemonic,s2,0
0,0,1,ao,Mnemonic,s4,0
0,0,1,ao,Mnemonic,s7,0
0,1,1,ao,Mnemonic,s5,0
0,0,1,ao,Mnemonic,s3,0
0,0,1,ao,Mnemonic,s1,0
0,0,1,ao,Mnemonic,s10,0
0,1,1,ao,Mnemonic,s15,0
0,0,1,ao,Mnemonic,s9,0
0,1,1,ao,Mnemonic,s13,0
0,1,1,ao,Mnemonic,s14,0
0.721928095,2.321928095,2,ao,Mnemonic,s2,0.360964048
0.811278124,2,2,ao,Mnemonic,s1,0.405639062
0,1,2,ao,Mnemonic,s3,0
0,0,2,ao,Mnemonic,s16,0
1,1,2,ao,Mnemonic,s15,0.5
0,1,2,ao,Mnemonic,s13,0
0,2,3,ao,Mnemonic,s2,0
0,2,3,ao,Mnemonic,s1,0
0,2,3,ao,Mnemonic,s16,0
0,2,3,ao,Mnemonic,s13,0
1.584962501,1.584962501,0,ba,Recall,s2,0.792481251
1,1,0,ba,Recall,s14,0.5
0,1,0,ba,Recall,s9,0
0,0,0,ba,Recall,s8,0
0,0,0,ba,Recall,s6,0
0,0,0,ba,Recall,s3,0
1,1,0,ba,Recall,s16,0.5
0,0,0,ba,Recall,s15,0
0,1.584962501,0,ba,Recall,s1,0
0,0,1,ba,Recall,s8,0
0,0,1,ba,Recall,s6,0
0,0,1,ba,Recall,s10,0
1,1,1,ba,Recall,s9,0.5
0,0,1,ba,Recall,s2,0
0.918295834,1.584962501,1,ba,Recall,s15,0.459147917
0,0,1,ba,Recall,s4,0
0,0,1,ba,Recall,s11,0
0,0,1,ba,Recall,s7,0
0,0,1,ba,Recall,s14,0
0,1,1,ba,Recall,s1,0
0,0,1,ba,Recall,s13,0
1.584962501,1.584962501,2,ba,Recall,s5,0.792481251
0,1,2,ba,Recall,s2,0
0,0,2,ba,Recall,s16,0
0,1,2,ba,Recall,s15,0
0,1,2,ba,Recall,s13,0
0,0,2,ba,Recall,s14,0
0,0,2,ba,Recall,s12,0
0,0,2,ba,Recall,s7,0
0,0,2,ba,Recall,s1,0
0,0,2,ba,Recall,s3,0
0,0,2,ba,Recall,s8,0
0,0,3,ba,Recall,s2,0
0,0,3,ba,Recall,s6,0
0,0,3,ba,Recall,s8,0
0,0,3,ba,Recall,s12,0
0,1.584962501,3,ba,Recall,s13,0
0,0,3,ba,Recall,s9,0
0,0,3,ba,Recall,s1,0
0,0,3,ba,Recall,s15,0
0,0,3,ba,Recall,s14,0
0,0,3,ba,Recall,s11,0
0,1,3,ba,Recall,s1,0
0,1,3,ba,Recall,s7,0
0,0,0,bb,Recall,s1,0
0,0,0,bb,Recall,s8,0
0,0,0,bb,Recall,s10,0
0,0,0,bb,Recall,s12,0
0,0,0,bb,Recall,s14,0
0.811278124,2,0,bb,Recall,s4,0.405639062
1,1,0,bb,Recall,s3,0.5
0,0,0,bb,Recall,s6,0
1,1,0,bb,Recall,s2,0.5
0,0,0,bb,Recall,s5,0
0,0,0,bb,Recall,s13,0
1.5,2,1,bb,Recall,s3,0.75
0,0,1,bb,Recall,s14,0
0,0,1,bb,Recall,s6,0
0.918295834,1.584962501,1,bb,Recall,s1,0.459147917
1,1,1,bb,Recall,s4,0.5
1,1.584962501,1,bb,Recall,s2,0.5
0,0,1,bb,Recall,s9,0
0,0,1,bb,Recall,s15,0
1,1,2,bb,Recall,s11,0.5
0,1,2,bb,Recall,s2,0
2,2,2,bb,Recall,s4,1
1,1,2,bb,Recall,s1,0.5
0,0,2,bb,Recall,s5,0
0,0,2,bb,Recall,s16,0
0,0,2,bb,Recall,s10,0
0,0,2,bb,Recall,s9,0
0,0,2,bb,Recall,s3,0
0,0,2,bb,Recall,s7,0
0,0,3,bb,Recall,s6,0
1,1,3,bb,Recall,s9,0.5
1.921928095,2.321928095,3,bb,Recall,s1,0.960964048
0,0,3,bb,Recall,s8,0
1,1,3,bb,Recall,s16,0.5
0,0,3,bb,Recall,s3,0
0.918295834,1.584962501,3,bb,Recall,s12,0.459147917
0,0,3,bb,Recall,s2,0
1.5,2,0,bc,Recall,s12,0.75
0.918295834,1.584962501,0,bc,Recall,s14,0.459147917
0,0,0,bc,Recall,s13,0
0,0,0,bc,Recall,s3,0
0,0,0,bc,Recall,s5,0
1,1,0,bc,Recall,s1,0.5
0,0,0,bc,Recall,s7,0
0,0,0,bc,Recall,s9,0
0,0,0,bc,Recall,s15,0
0,0,0,bc,Recall,s2,0
1,1,1,bc,Recall,s15,0.5
1,1,1,bc,Recall,s14,0.5
1,1,1,bc,Recall,s11,0.5
1,1,1,bc,Recall,s8,0.5
0,0,1,bc,Recall,s2,0
0,0,1,bc,Recall,s10,0
0,1,1,bc,Recall,s5,0
0,0,1,bc,Recall,s6,0
0,0,1,bc,Recall,s12,0
0,0,1,bc,Recall,s9,0
0,0,1,bc,Recall,s1,0
1,1,2,bc,Recall,s16,0.5
0,0,2,bc,Recall,s10,0
0,0,2,bc,Recall,s4,0
0.918295834,1.584962501,2,bc,Recall,s1,0.459147917
1.370950594,2.321928095,2,bc,Recall,s7,0.685475297
0,0,2,bc,Recall,s13,0
0,0,2,bc,Recall,s14,0
0,0,2,bc,Recall,s6,0
0,0,2,bc,Recall,s4,0
0,0,3,bc,Recall,s4,0
0,0,3,bc,Recall,s14,0
0,0,3,bc,Recall,s6,0
1,1,3,bc,Recall,s1,0.5
1,1,3,bc,Recall,s12,0.5
1,1,3,bc,Recall,s2,0.5
1,1,3,bc,Recall,s13,0.5
0,0,3,bc,Recall,s7,0
0,0,3,bc,Recall,s11,0
0,0,3,bc,Recall,s9,0
0,0,3,bc,Recall,s15,0
0,0,3,bc,Recall,s16,0
0,1,0,bd,Recall,s2,0
1,1,0,bd,Recall,s1,0.5
1.584962501,1.584962501,0,bd,Recall,s14,0.792481251
0,0,0,bd,Recall,s3,0
0.918295834,1.584962501,0,bd,Recall,s4,0.459147917
1,1,0,bd,Recall,s16,0.5
0,0,0,bd,Recall,s5,0
0,0,0,bd,Recall,s10,0
0,0,0,bd,Recall,s15,0
1.5,2,1,bd,Recall,s15,0.75
0,0,1,bd,Recall,s4,0
1,1,1,bd,Recall,s14,0.5
1,1,1,bd,Recall,s6,0.5
0,0,1,bd,Recall,s8,0
1,1,1,bd,Recall,s1,0.5
0,0,1,bd,Recall,s11,0
0,0,1,bd,Recall,s3,0
0,0,1,bd,Recall,s2,0
0,0,1,bd,Recall,s16,0
1,1,2,bd,Recall,s3,0.5
0,1,2,bd,Recall,s11,0
0,0,2,bd,Recall,s14,0
1,2,2,bd,Recall,s2,0.5
0,0,2,bd,Recall,s7,0
1,1,2,bd,Recall,s15,0.5
0,0,2,bd,Recall,s13,0
0,0,2,bd,Recall,s1,0
0,0,2,bd,Recall,s12,0
0,0,2,bd,Recall,s10,0
0,0,3,bd,Recall,s1,0
1,1,3,bd,Recall,s4,0.5
0,0,3,bd,Recall,s11,0
0,0,3,bd,Recall,s15,0
0.918295834,1.584962501,3,bd,Recall,s2,0.459147917
0,0,3,bd,Recall,s3,0
0,0,3,bd,Recall,s5,0
0,0,3,bd,Recall,s13,0
0,0,3,bd,Recall,s9,0
0,0,3,bd,Recall,s14,0
0,0,3,bd,Recall,s10,0
1,1,3,bd,Recall,s16,0.5
0,1,0,be,Recall,s3,0
0,0,0,be,Recall,s12,0
0,0,0,be,Recall,s7,0
0,1,0,be,Recall,s2,0
0,1,0,be,Recall,s6,0
0,1.584962501,0,be,Recall,s13,0
0,0,0,be,Recall,s9,0
0,1,0,be,Recall,s1,0
0,1,0,be,Recall,s5,0
0,0,1,be,Recall,s3,0
0,1.584962501,1,be,Recall,s7,0
0,1,1,be,Recall,s2,0
0,1,1,be,Recall,s6,0
0,1,1,be,Recall,s13,0
0,1,1,be,Recall,s9,0
0,1,1,be,Recall,s1,0
0,1,1,be,Recall,s5,0
0,0,2,be,Recall,s3,0
0,1.584962501,2,be,Recall,s7,0
0,1,2,be,Recall,s2,0
0,1,2,be,Recall,s6,0
0,1,2,be,Recall,s13,0
0,1,2,be,Recall,s9,0
0,0,2,be,Recall,s1,0
0,1.584962501,2,be,Recall,s5,0
0,0,3,be,Recall,s3,0
0,0,3,be,Recall,s11,0
0,1,3,be,Recall,s7,0
0,1,3,be,Recall,s2,0
0,1,3,be,Recall,s6,0
0,1,3,be,Recall,s13,0
0,1,3,be,Recall,s9,0
0,0,3,be,Recall,s1,0
0,1.584962501,3,be,Recall,s5,0
0,1,0,bf,Recall,s13,0
0,1,0,bf,Recall,s9,0
0.918295834,1.584962501,0,bf,Recall,s7,0.459147917
0,0,0,bf,Recall,s16,0
0,0,0,bf,Recall,s11,0
0,0,0,bf,Recall,s14,0
0,0,0,bf,Recall,s6,0
1,1,0,bf,Recall,s1,0.5
0,0,0,bf,Recall,s10,0
0,0,0,bf,Recall,s8,0
0,0,0,bf,Recall,s4,0
0,1,1,bf,Recall,s13,0
0,1,1,bf,Recall,s9,0
1,1,1,bf,Recall,s14,0.5
0,0,1,bf,Recall,s15,0
0,0,1,bf,Recall,s10,0
0,0,1,bf,Recall,s11,0
0,0,1,bf,Recall,s16,0
0,1,1,bf,Recall,s12,0
0,1,1,bf,Recall,s1,0
0,1,1,bf,Recall,s5,0
0,1,2,bf,Recall,s13,0
0,1,2,bf,Recall,s9,0
0,1.584962501,2,bf,Recall,s16,0
0,0,2,bf,Recall,s15,0
0,1,2,bf,Recall,s11,0
0,1,2,bf,Recall,s12,0
0,1,2,bf,Recall,s1,0
0,1,2,bf,Recall,s5,0
0,1,3,bf,Recall,s13,0
0,0,3,bf,Recall,s9,0
0,0,3,bf,Recall,s6,0
0,0,3,bf,Recall,s15,0
0.918295834,1.584962501,3,bf,Recall,s16,0.459147917
0,0,3,bf,Recall,s11,0
1,1,3,bf,Recall,s10,0.5
0,0,3,bf,Recall,s12,0
0,1,3,bf,Recall,s1,0
0,0,3,bf,Recall,s5,0
0,0,3,bf,Recall,s2,0
1.561278124,3,0,bg,Recall,s4,0.780639062
1.75,3,0,bg,Recall,s3,0.875
0.811278124,2,1,bg,Recall,s3,0.405639062
1,1,1,bg,Recall,s8,0.5
1.459147917,2.584962501,1,bg,Recall,s4,0.729573959
0,0,1,bg,Recall,s16,0
0,0,1,bg,Recall,s11,0
0,0,1,bg,Recall,s5,0
0,0,1,bg,Recall,s10,0
0,0,2,bg,Recall,s6,0
1.521928095,2.321928095,2,bg,Recall,s1,0.760964048
1,1,2,bg,Recall,s4,0.5
0,0,2,bg,Recall,s13,0
0,0,2,bg,Recall,s16,0
0,0,2,bg,Recall,s10,0
0,0,2,bg,Recall,s5,0
1,1,2,bg,Recall,s12,0.5
0,0,2,bg,Recall,s9,0
0,0,2,bg,Recall,s3,0
0,0,3,bg,Recall,s13,0
1.584962501,1.584962501,3,bg,Recall,s12,0.792481251
1,1,3,bg,Recall,s15,0.5
0,0,3,bg,Recall,s9,0
0,0,3,bg,Recall,s2,0
0,0,3,bg,Recall,s4,0
0,0,3,bg,Recall,s7,0
1,1,3,bg,Recall,s16,0.5
1,1,3,bg,Recall,s3,0.5
0,0,3,bg,Recall,s8,0
0,0,3,bg,Recall,s10,0
0,1,0,bh,Recall,s2,0
0,1,0,bh,Recall,s6,0
0,0,0,bh,Recall,s4,0
0,0,0,bh,Recall,s8,0
0,0,0,bh,Recall,s7,0
0,0,0,bh,Recall,s12,0
0,1,0,bh,Recall,s13,0
0,1,0,bh,Recall,s9,0
0,1,0,bh,Recall,s1,0
0,1,0,bh,Recall,s5,0
0,1,1,bh,Recall,s2,0
0,1,1,bh,Recall,s6,0
0,1,1,bh,Recall,s4,0
0,1,1,bh,Recall,s8,0
0,1.584962501,1,bh,Recall,s13,0
0,0,1,bh,Recall,s9,0
0,1,1,bh,Recall,s1,0
0,1,1,bh,Recall,s5,0
0,1,2,bh,Recall,s2,0
0,1,2,bh,Recall,s6,0
0,1,2,bh,Recall,s4,0
0.918295834,1.584962501,2,bh,Recall,s8,0.459147917
0,1,2,bh,Recall,s13,0
0,1,2,bh,Recall,s9,0
0,1,2,bh,Recall,s1,0
0,0,2,bh,Recall,s5,0
0,1,3,bh,Recall,s2,0
0,1,3,bh,Recall,s6,0
0,1,3,bh,Recall,s4,0
0,1,3,bh,Recall,s8,0
0,1,3,bh,Recall,s13,0
0,1,3,bh,Recall,s9,0
0,1,3,bh,Recall,s1,0
0,1,3,bh,Recall,s5,0
0,0,0,bi,Recall,s6,0
0,0,0,bi,Recall,s10,0
0,0,0,bi,Recall,s2,0
1,1,0,bi,Recall,s13,0.5
1,1,0,bi,Recall,s5,0.5
0,0,0,bi,Recall,s9,0
0,0,0,bi,Recall,s4,0
0,0,0,bi,Recall,s8,0
0,0,0,bi,Recall,s1,0
0.918295834,1.584962501,0,bi,Recall,s12,0.459147917
0,0,0,bi,Recall,s3,0
0,0,0,bi,Recall,s14,0
1,1,1,bi,Recall,s3,0.5
1,1,1,bi,Recall,s11,0.5
0.918295834,1.584962501,1,bi,Recall,s8,0.459147917
0,0,1,bi,Recall,s12,0
0,0,1,bi,Recall,s15,0
0,0,1,bi,Recall,s4,0
0,0,1,bi,Recall,s2,0
0,1,1,bi,Recall,s6,0
0,0,1,bi,Recall,s5,0
0,0,1,bi,Recall,s16,0
0,0,1,bi,Recall,s14,0
1,1,2,bi,Recall,s11,0.5
0,1,2,bi,Recall,s13,0
1,1,2,bi,Recall,s14,0.5
1,1,2,bi,Recall,s15,0.5
0.918295834,1.584962501,2,bi,Recall,s6,0.459147917
1,1,2,bi,Recall,s4,0.5
0,1,2,bi,Recall,s2,0
0,0,2,bi,Recall,s5,0
0,0,3,bi,Recall,s6,0
0.918295834,1.584962501,3,bi,Recall,s13,0.459147917
1,1,3,bi,Recall,s8,0.5
1.584962501,1.584962501,3,bi,Recall,s16,0.792481251
0.918295834,1.584962501,3,bi,Recall,s2,0.459147917
0,0,3,bi,Recall,s10,0
1,1,3,bi,Recall,s1,0.5
0,0,3,bi,Recall,s3,0
1,2,0,bj,Recall,s3,0.5
0,0,0,bj,Recall,s7,0
1.584962501,1.584962501,0,bj,Recall,s6,0.792481251
0,2,0,bj,Recall,s13,0
0,0,0,bj,Recall,s8,0
0,0,0,bj,Recall,s2,0
0,0,0,bj,Recall,s4,0
0,0,0,bj,Recall,s16,0
0.918295834,1.584962501,1,bj,Recall,s4,0.459147917
0,0,1,bj,Recall,s1,0
0.918295834,1.584962501,1,bj,Recall,s7,0.459147917
0,1,1,bj,Recall,s13,0
0,0,1,bj,Recall,s12,0
0,0,1,bj,Recall,s9,0
1,1,1,bj,Recall,s5,0.5
0,0,1,bj,Recall,s11,0
1,1,1,bj,Recall,s8,0.5
0.918295834,1.584962501,2,bj,Recall,s3,0.459147917
0,0,2,bj,Recall,s8,0
1.584962501,1.584962501,2,bj,Recall,s9,0.792481251
0,0,2,bj,Recall,s15,0
1,1,2,bj,Recall,s12,0.5
0,0,2,bj,Recall,s11,0
0,0,2,bj,Recall,s2,0
1,1,2,bj,Recall,s4,0.5
0,0,2,bj,Recall,s7,0
0,0,2,bj,Recall,s6,0
0,0,3,bj,Recall,s4,0
0.918295834,1.584962501,3,bj,Recall,s6,0.459147917
1.584962501,1.584962501,3,bj,Recall,s8,0.792481251
1,1,3,bj,Recall,s3,0.5
0.918295834,1.584962501,3,bj,Recall,s7,0.459147917
0,0,3,bj,Recall,s11,0
0.918295834,1.584962501,3,bj,Recall,s2,0.459147917
0,2,0,bk,Recall,s2,0
0.721928095,2.321928095,0,bk,Recall,s3,0.360964048
0,0,0,bk,Recall,s13,0
0,0,0,bk,Recall,s16,0
0.721928095,2.321928095,0,bk,Recall,s1,0.360964048
0,0,1,bk,Recall,s15,0
1,2,1,bk,Recall,s1,0.5
1.584962501,1.584962501,1,bk,Recall,s2,0.792481251
0,1,1,bk,Recall,s3,0
1,1,1,bk,Recall,s13,0.5
0,0,1,bk,Recall,s3,0
0,1,1,bk,Recall,s4,0
0,0,1,bk,Recall,s5,0
0,0,2,bk,Recall,s3,0
1.5,2,2,bk,Recall,s2,0.75
1.584962501,1.584962501,2,bk,Recall,s16,0.792481251
1.918295834,2.584962501,2,bk,Recall,s1,0.959147917
0,0,2,bk,Recall,s13,0
0,0,2,bk,Recall,s4,0
1.378783493,2.807354922,3,bk,Recall,s2,0.689391747
1.584962501,1.584962501,3,bk,Recall,s1,0.792481251
1.584962501,1.584962501,3,bk,Recall,s3,0.792481251
0,0,3,bk,Recall,s13,0
0,0,3,bk,Recall,s4,0
0,0,3,bk,Recall,s14,0
1.521928095,2.321928095,0,bl,Recall,s2,0.760964048
1.521928095,2.321928095,0,bl,Recall,s1,0.760964048
0.721928095,2.321928095,0,bl,Recall,s13,0.360964048
0,0,0,bl,Recall,s14,0
1.846439345,3.700439718,1,bl,Recall,s2,0.923219673
1.459147917,1.584962501,1,bl,Recall,s1,0.729573959
1.950063756,3.700439718,2,bl,Recall,s1,0.975031878
0.918295834,1.584962501,2,bl,Recall,s2,0.459147917
2,3,3,bl,Recall,s1,1
1.921928095,2,3,bl,Recall,s2,0.960964048
1.584962501,1.584962501,3,bl,Recall,s14,0.792481251
0,1,0,bm,Recall,s10,0
0,0,0,bm,Recall,s3,0
1,1,0,bm,Recall,s12,0.5
0,2,0,bm,Recall,s13,0
0,0,0,bm,Recall,s11,0
0,0,0,bm,Recall,s1,0
0.918295834,1.584962501,0,bm,Recall,s2,0.459147917
0,0,0,bm,Recall,s14,0
0,0,0,bm,Recall,s8,0
0,0,1,bm,Recall,s10,0
0,0,1,bm,Recall,s5,0
0,0,1,bm,Recall,s11,0
0.918295834,1.584962501,1,bm,Recall,s6,0.459147917
0,2,1,bm,Recall,s13,0
0,0,1,bm,Recall,s10,0
0,0,1,bm,Recall,s12,0
0,2,1,bm,Recall,s2,0
0.918295834,1.584962501,2,bm,Recall,s8,0.459147917
1,2,2,bm,Recall,s12,0.5
0,2,2,bm,Recall,s13,0
0,0,2,bm,Recall,s6,0
0,2,2,bm,Recall,s2,0
0,2,3,bm,Recall,s10,0
0,2,3,bm,Recall,s13,0
0,1.584962501,3,bm,Recall,s7,0
0,0,3,bm,Recall,s8,0
0,2,3,bm,Recall,s2,0
0,0,0,bn,Recall,s1,0
0,1,0,bn,Recall,s2,0
0,0,0,bn,Recall,s10,0
0,1,0,bn,Recall,s16,0
0,0,0,bn,Recall,s15,0
0.918295834,1.584962501,0,bn,Recall,s9,0.459147917
0,1.584962501,0,bn,Recall,s13,0
0,0,0,bn,Recall,s3,0
0,1,0,bn,Recall,s5,0
0,1.584962501,1,bn,Recall,s2,0
1,1,1,bn,Recall,s15,0.5
0.811278124,2,1,bn,Recall,s13,0.405639062
0,0,1,bn,Recall,s16,0
0,0,1,bn,Recall,s1,0
0.918295834,1.584962501,1,bn,Recall,s12,0.459147917
0,0,1,bn,Recall,s5,0
0,0,1,bn,Recall,s9,0
0,2,2,bn,Recall,s2,0
0.918295834,1.584962501,2,bn,Recall,s16,0.459147917
0,1,2,bn,Recall,s15,0
0,2,2,bn,Recall,s13,0
0,1,2,bn,Recall,s12,0
0,0,2,bn,Recall,s8,0
0,2,3,bn,Recall,s2,0
0,0,3,bn,Recall,s11,0
0,1,3,bn,Recall,s15,0
0,0,3,bn,Recall,s9,0
0.721928095,2.321928095,3,bn,Recall,s13,0.360964048
0,1,3,bn,Recall,s12,0
0,0,3,bn,Recall,s8,0
0,1,0,bo,Recall,s2,0
1,1,0,bo,Recall,s1,0.5
1.584962501,1.584962501,0,bo,Recall,s6,0.792481251
1.521928095,2.321928095,0,bo,Recall,s13,0.760964048
0,0,0,bo,Recall,s4,0
0,0,0,bo,Recall,s14,0
0,1,0,bo,Recall,s3,0
0,1,1,bo,Recall,s2,0
1.556656707,2.807354922,1,bo,Recall,s6,0.778328354
0,0,1,bo,Recall,s16,0
0,0,1,bo,Recall,s8,0
0,0,1,bo,Recall,s13,0
0,1,1,bo,Recall,s1,0
0,0,1,bo,Recall,s5,0
0,0,1,bo,Recall,s10,0
0,1,2,bo,Recall,s2,0
0,1,2,bo,Recall,s6,0
0,0,2,bo,Recall,s16,0
0,1,2,bo,Recall,s12,0
0,0,2,bo,Recall,s10,0
0,0,2,bo,Recall,s13,0
0,1,2,bo,Recall,s9,0
0.918295834,1.584962501,2,bo,Recall,s5,0.459147917
0,1,2,bo,Recall,s1,0
0,1,3,bo,Recall,s2,0
0,1,3,bo,Recall,s6,0
0,0,3,bo,Recall,s15,0
0,1.584962501,3,bo,Recall,s11,0
0,0,3,bo,Recall,s13,0
0,1,3,bo,Recall,s9,0
0,0,3,bo,Recall,s11,0
0,1,3,bo,Recall,s1,0
0,1,3,bo,Recall,s5,0
