entropy,participant,block,condition,category,ent_norm
2,aa,0,Mnemonic,blue,1
1.5,aa,0,Mnemonic,green,0.75
2,aa,0,Mnemonic,purple,1
1.5,aa,0,Mnemonic,red,0.75
2,aa,1,Mnemonic,blue,1
1.5,aa,1,Mnemonic,green,0.75
1.5,aa,1,Mnemonic,purple,0.75
1.5,aa,1,Mnemonic,red,0.75
2,aa,2,Mnemonic,blue,1
2,aa,2,Mnemonic,green,1
2,aa,2,Mnemonic,purple,1
2,aa,2,Mnemonic,red,1
1,aa,3,Mnemonic,blue,0.5
2,aa,3,Mnemonic,green,1
2,aa,3,Mnemonic,purple,1
2,aa,3,Mnemonic,red,1
0.811278124,ab,0,Mnemonic,blue,0.405639062
1,ab,0,Mnemonic,green,0.5
1.5,ab,0,Mnemonic,purple,0.75
1,ab,0,Mnemonic,red,0.5
1.5,ab,1,Mnemonic,blue,0.75
1,ab,1,Mnemonic,green,0.5
1.5,ab,1,Mnemonic,purple,0.75
1,ab,1,Mnemonic,red,0.5
1.5,ab,2,Mnemonic,blue,0.75
1,ab,2,Mnemonic,green,0.5
1,ab,2,Mnemonic,purple,0.5
1,ab,2,Mnemonic,red,0.5
1.5,ab,3,Mnemonic,blue,0.75
1,ab,3,Mnemonic,green,0.5
1,ab,3,Mnemonic,purple,0.5
1,ab,3,Mnemonic,red,0.5
1.5,ac,0,Mnemonic,blue,0.75
1.5,ac,0,Mnemonic,green,0.75
0,ac,0,Mnemonic,purple,0
1.5,ac,0,Mnemonic,red,0.75
0,ac,1,Mnemonic,blue,0
0,ac,1,Mnemonic,green,0
0,ac,1,Mnemonic,purple,0
0,ac,1,Mnemonic,red,0
0,ac,2,Mnemonic,blue,0
0,ac,2,Mnemonic,green,0
0,ac,2,Mnemonic,purple,0
0,ac,2,Mnemonic,red,0
0,ac,3,Mnemonic,blue,0
0,ac,3,Mnemonic,green,0
0,ac,3,Mnemonic,purple,0
0,ac,3,Mnemonic,red,0
2,ad,0,Mnemonic,blue,1
2,ad,0,Mnemonic,green,1
2,ad,0,Mnemonic,purple,1
1,ad,0,Mnemonic,red,0.5
0.811278124,ad,1,Mnemonic,blue,0.405639062
1.5,ad,1,Mnemonic,green,0.75
1.5,ad,1,Mnemonic,purple,0.75
2,ad,1,Mnemonic,red,1
1.5,ad,2,Mnemonic,blue,0.75
1.5,ad,2,Mnemonic,green,0.75
2,ad,2,Mnemonic,purple,1
1.5,ad,2,Mnemonic,red,0.75
0.811278124,ad,3,Mnemonic,blue,0.405639062
0,ad,3,Mnemonic,green,0
0.811278124,ad,3,Mnemonic,purple,0.405639062
0.811278124,ad,3,Mnemonic,red,0.405639062
1.5,ae,0,Mnemonic,blue,0.75
2,ae,0,Mnemonic,green,1
2,ae,0,Mnemonic,purple,1
1.5,ae,0,Mnemonic,red,0.75
0.811278124,ae,1,Mnemonic,blue,0.405639062
2,ae,1,Mnemonic,green,1
2,ae,1,Mnemonic,purple,1
0.811278124,ae,1,Mnemonic,red,0.405639062
0.811278124,ae,2,Mnemonic,blue,0.405639062
0,ae,2,Mnemonic,green,0
1.5,ae,2,Mnemonic,purple,0.75
0,ae,2,Mnemonic,red,0
0,ae,3,Mnemonic,blue,0
0,ae,3,Mnemonic,green,0
1.5,ae,3,Mnemonic,purple,0.75
0.811278124,ae,3,Mnemonic,red,0.405639062
2,af,0,Mnemonic,blue,1
2,af,0,Mnemonic,green,1
2,af,0,Mnemonic,purple,1
2,af,0,Mnemonic,red,1
1.5,af,1,Mnemonic,blue,0.75
0.811278124,af,1,Mnemonic,green,0.405639062
1.5,af,1,Mnemonic,purple,0.75
2,af,1,Mnemonic,red,1
2,af,2,Mnemonic,blue,1
1.5,af,2,Mnemonic,green,0.75
1.5,af,2,Mnemonic,purple,0.75
1.5,af,2,Mnemonic,red,0.75
2,af,3,Mnemonic,blue,1
2,af,3,Mnemonic,green,1
1.5,af,3,Mnemonic,purple,0.75
2,af,3,Mnemonic,red,1
1.5,ag,0,Mnemonic,blue,0.75
2,ag,0,Mnemonic,green,1
2,ag,0,Mnemonic,purple,1
2,ag,0,Mnemonic,red,1
1.5,ag,1,Mnemonic,blue,0.75
1.5,ag,1,Mnemonic,green,0.75
2,ag,1,Mnemonic,purple,1
1.5,ag,1,Mnemonic,red,0.75
0,ag,2,Mnemonic,blue,0
0.811278124,ag,2,Mnemonic,green,0.405639062
0.811278124,ag,2,Mnemonic,purple,0.405639062
1.5,ag,2,Mnemonic,red,0.75
0,ag,3,Mnemonic,blue,0
0,ag,3,Mnemonic,green,0
0,ag,3,Mnemonic,purple,0
0,ag,3,Mnemonic,red,0
1.5,ah,0,Mnemonic,blue,0.75
1.5,ah,0,Mnemonic,green,0.75
1.5,ah,0,Mnemonic,purple,0.75
0.811278124,ah,0,Mnemonic,red,0.405639062
2,ah,1,Mnemonic,blue,1
1.5,ah,1,Mnemonic,green,0.75
0.811278124,ah,1,Mnemonic,purple,0.405639062
0.811278124,ah,1,Mnemonic,red,0.405639062
0.811278124,ah,2,Mnemonic,blue,0.405639062
1.5,ah,2,Mnemonic,green,0.75
1.5,ah,2,Mnemonic,purple,0.75
1.5,ah,2,Mnemonic,red,0.75
1.5,ah,3,Mnemonic,blue,0.75
1,ah,3,Mnemonic,green,0.5
1.5,ah,3,Mnemonic,purple,0.75
1,ah,3,Mnemonic,red,0.5
2,ai,0,Mnemonic,blue,1
1.5,ai,0,Mnemonic,green,0.75
2,ai,0,Mnemonic,purple,1
1.5,ai,0,Mnemonic,red,0.75
2,ai,1,Mnemonic,blue,1
1.5,ai,1,Mnemonic,green,0.75
2,ai,1,Mnemonic,purple,1
2,ai,1,Mnemonic,red,1
1.5,ai,2,Mnemonic,blue,0.75
1.5,ai,2,Mnemonic,green,0.75
1.5,ai,2,Mnemonic,purple,0.75
2,ai,2,Mnemonic,red,1
1,ai,3,Mnemonic,blue,0.5
1.5,ai,3,Mnemonic,green,0.75
1.5,ai,3,Mnemonic,purple,0.75
1.5,ai,3,Mnemonic,red,0.75
1.5,ba,0,Recall,blue,0.75
2,ba,0,Recall,green,1
2,ba,0,Recall,purple,1
0.811278124,ba,0,Recall,red,0.405639062
2,ba,1,Recall,blue,1
1.5,ba,1,Recall,green,0.75
2,ba,1,Recall,purple,1
1.5,ba,1,Recall,red,0.75
1.5,ba,2,Recall,blue,0.75
1,ba,2,Recall,green,0.5
2,ba,2,Recall,purple,1
2,ba,2,Recall,red,1
2,ba,3,Recall,blue,1
0.811278124,ba,3,Recall,green,0.405639062
2,ba,3,Recall,purple,1
1,ba,3,Recall,red,0.5
2,bb,0,Recall,blue,1
2,bb,0,Recall,green,1
0.811278124,bb,0,Recall,purple,0.405639062
2,bb,0,Recall,red,1
2,bb,1,Recall,blue,1
1.5,bb,1,Recall,green,0.75
2,bb,1,Recall,purple,1
1,bb,1,Recall,red,0.5
1.5,bb,2,Recall,blue,0.75
2,bb,2,Recall,green,1
2,bb,2,Recall,purple,1
2,bb,2,Recall,red,1
2,bb,3,Recall,blue,1
1.5,bb,3,Recall,green,0.75
1.5,bb,3,Recall,purple,0.75
2,bb,3,Recall,red,1
1,bc,0,Recall,blue,0.5
2,bc,0,Recall,green,1
2,bc,0,Recall,purple,1
2,bc,0,Recall,red,1
2,bc,1,Recall,blue,1
2,bc,1,Recall,green,1
1.5,bc,1,Recall,purple,0.75
2,bc,1,Recall,red,1
2,bc,2,Recall,blue,1
1.5,bc,2,Recall,green,0.75
0.811278124,bc,2,Recall,purple,0.405639062
2,bc,2,Recall,red,1
2,bc,3,Recall,blue,1
2,bc,3,Recall,green,1
2,bc,3,Recall,purple,1
2,bc,3,Recall,red,1
1.5,bd,0,Recall,blue,0.75
2,bd,0,Recall,green,1
2,bd,0,Recall,purple,1
1.5,bd,0,Recall,red,0.75
2,bd,1,Recall,blue,1
2,bd,1,Recall,green,1
1.5,bd,1,Recall,purple,0.75
2,bd,1,Recall,red,1
1.5,bd,2,Recall,blue,0.75
1.5,bd,2,Recall,green,0.75
1.5,bd,2,Recall,purple,0.75
2,bd,2,Recall,red,1
2,bd,3,Recall,blue,1
2,bd,3,Recall,green,1
2,bd,3,Recall,purple,1
1.5,bd,3,Recall,red,0.75
1.5,be,0,Recall,blue,0.75
1,be,0,Recall,green,0.5
0.811278124,be,0,Recall,purple,0.405639062
1.5,be,0,Recall,red,0.75
0.811278124,be,1,Recall,blue,0.405639062
1,be,1,Recall,green,0.5
1,be,1,Recall,purple,0.5
1,be,1,Recall,red,0.5
0.811278124,be,2,Recall,blue,0.405639062
1,be,2,Recall,green,0.5
1,be,2,Recall,purple,0.5
0.811278124,be,2,Recall,red,0.405639062
1.5,be,3,Recall,blue,0.75
1,be,3,Recall,green,0.5
1,be,3,Recall,purple,0.5
0.811278124,be,3,Recall,red,0.405639062
1,bf,0,Recall,blue,0.5
1.5,bf,0,Recall,green,0.75
2,bf,0,Recall,purple,1
2,bf,0,Recall,red,1
1,bf,1,Recall,blue,0.5
2,bf,1,Recall,green,1
1.5,bf,1,Recall,purple,0.75
1,bf,1,Recall,red,0.5
1,bf,2,Recall,blue,0.5
1.5,bf,2,Recall,green,0.75
1,bf,2,Recall,purple,0.5
1,bf,2,Recall,red,0.5
1.5,bf,3,Recall,blue,0.75
2,bf,3,Recall,green,1
1.5,bf,3,Recall,purple,0.75
1.5,bf,3,Recall,red,0.75
1,bg,0,Recall,blue,0.5
0.811278124,bg,0,Recall,green,0.405639062
1,bg,0,Recall,purple,0.5
0.811278124,bg,0,Recall,red,0.405639062
0.811278124,bg,1,Recall,blue,0.405639062
2,bg,1,Recall,green,1
1.5,bg,1,Recall,purple,0.75
0.811278124,bg,1,Recall,red,0.405639062
1.5,bg,2,Recall,blue,0.75
2,bg,2,Recall,green,1
1.5,bg,2,Recall,purple,0.75
2,bg,2,Recall,red,1
2,bg,3,Recall,blue,1
2,bg,3,Recall,green,1
2,bg,3,Recall,purple,1
2,bg,3,Recall,red,1
1,bh,0,Recall,blue,0.5
2,bh,0,Recall,green,1
1,bh,0,Recall,purple,0.5
1,bh,0,Recall,red,0.5
1,bh,1,Recall,blue,0.5
1,bh,1,Recall,green,0.5
0.811278124,bh,1,Recall,purple,0.405639062
1,bh,1,Recall,red,0.5
1,bh,2,Recall,blue,0.5
1,bh,2,Recall,green,0.5
1,bh,2,Recall,purple,0.5
1.5,bh,2,Recall,red,0.75
1,bh,3,Recall,blue,0.5
1,bh,3,Recall,green,0.5
1,bh,3,Recall,purple,0.5
1,bh,3,Recall,red,0.5
2,bi,0,Recall,blue,1
2,bi,0,Recall,green,1
2,bi,0,Recall,purple,1
1.5,bi,0,Recall,red,0.75
1.5,bi,1,Recall,blue,0.75
2,bi,1,Recall,green,1
1.5,bi,1,Recall,purple,0.75
2,bi,1,Recall,red,1
1.5,bi,2,Recall,blue,0.75
2,bi,2,Recall,green,1
1.5,bi,2,Recall,purple,0.75
1.5,bi,2,Recall,red,0.75
2,bi,3,Recall,blue,1
1.5,bi,3,Recall,green,0.75
1.5,bi,3,Recall,purple,0.75
2,bi,3,Recall,red,1
1.5,cb,0,Dialogue,blue,0.75
0.811278124,cb,0,Dialogue,green,0.405639062
1.5,cb,0,Dialogue,purple,0.75
1.5,cb,0,Dialogue,red,0.75
0,cb,1,Dialogue,blue,0
0,cb,1,Dialogue,green,0
0,cb,1,Dialogue,purple,0
0,cb,1,Dialogue,red,0
0,cb,2,Dialogue,blue,0
0,cb,2,Dialogue,green,0
0,cb,2,Dialogue,purple,0
0,cb,2,Dialogue,red,0
0,cb,3,Dialogue,blue,0
0,cb,3,Dialogue,green,0
0,cb,3,Dialogue,purple,0
0,cb,3,Dialogue,red,0
0.811278124,cc,0,Dialogue,blue,0.405639062
0.811278124,cc,0,Dialogue,green,0.405639062
2,cc,0,Dialogue,purple,1
1.5,cc,0,Dialogue,red,0.75
0,cc,1,Dialogue,blue,0
0,cc,1,Dialogue,green,0
0,cc,1,Dialogue,purple,0
0,cc,1,Dialogue,red,0
0,cc,2,Dialogue,blue,0
0,cc,2,Dialogue,green,0
0,cc,2,Dialogue,purple,0
0,cc,2,Dialogue,red,0
0,cc,3,Dialogue,blue,0
0,cc,3,Dialogue,green,0
0,cc,3,Dialogue,purple,0
0.811278124,cc,3,Dialogue,red,0.405639062
1.5,cd,0,Dialogue,blue,0.75
0.811278124,cd,0,Dialogue,green,0.405639062
1,cd,0,Dialogue,purple,0.5
0.811278124,cd,0,Dialogue,red,0.405639062
0,cd,1,Dialogue,blue,0
0.811278124,cd,1,Dialogue,green,0.405639062
0,cd,1,Dialogue,purple,0
0,cd,1,Dialogue,red,0
0,cd,2,Dialogue,blue,0
0,cd,2,Dialogue,green,0
0.811278124,cd,2,Dialogue,purple,0.405639062
0,cd,2,Dialogue,red,0
0,cd,3,Dialogue,blue,0
0,cd,3,Dialogue,green,0
0,cd,3,Dialogue,purple,0
0,cd,3,Dialogue,red,0
1,ce,0,Dialogue,blue,0.5
0.811278124,ce,0,Dialogue,green,0.405639062
2,ce,0,Dialogue,purple,1
2,ce,0,Dialogue,red,1
0,ce,1,Dialogue,blue,0
0,ce,1,Dialogue,green,0
0,ce,1,Dialogue,purple,0
0,ce,1,Dialogue,red,0
0,ce,2,Dialogue,blue,0
0,ce,2,Dialogue,green,0
0.811278124,ce,2,Dialogue,purple,0.405639062
0,ce,2,Dialogue,red,0
0,ce,3,Dialogue,blue,0
0,ce,3,Dialogue,green,0
0,ce,3,Dialogue,purple,0
0,ce,3,Dialogue,red,0
2,cf,0,Dialogue,blue,1
1,cf,0,Dialogue,green,0.5
1.5,cf,0,Dialogue,purple,0.75
0.811278124,cf,0,Dialogue,red,0.405639062
0,cf,1,Dialogue,blue,0
0,cf,1,Dialogue,green,0
0,cf,1,Dialogue,purple,0
0,cf,1,Dialogue,red,0
0,cf,2,Dialogue,blue,0
0,cf,2,Dialogue,green,0
0,cf,2,Dialogue,purple,0
0,cf,2,Dialogue,red,0
0,cf,3,Dialogue,blue,0
0,cf,3,Dialogue,green,0
0,cf,3,Dialogue,purple,0
0,cf,3,Dialogue,red,0
0,cg,0,Dialogue,blue,0
0.811278124,cg,0,Dialogue,green,0.405639062
0,cg,0,Dialogue,purple,0
0,cg,0,Dialogue,red,0
0,cg,1,Dialogue,blue,0
0,cg,1,Dialogue,green,0
0,cg,1,Dialogue,purple,0
0,cg,1,Dialogue,red,0
0,cg,2,Dialogue,blue,0
0,cg,2,Dialogue,green,0
0,cg,2,Dialogue,purple,0
0,cg,2,Dialogue,red,0
0,cg,3,Dialogue,blue,0
0,cg,3,Dialogue,green,0
0,cg,3,Dialogue,purple,0
0,cg,3,Dialogue,red,0
2,ch,0,Dialogue,blue,1
0,ch,0,Dialogue,green,0
0,ch,0,Dialogue,purple,0
0,ch,0,Dialogue,red,0
0,ch,1,Dialogue,blue,0
0,ch,1,Dialogue,green,0
0,ch,1,Dialogue,purple,0
0.811278124,ch,1,Dialogue,red,0.405639062
0,ch,2,Dialogue,blue,0
0,ch,2,Dialogue,green,0
0,ch,2,Dialogue,purple,0
0,ch,2,Dialogue,red,0
0,ch,3,Dialogue,blue,0
0,ch,3,Dialogue,green,0
0,ch,3,Dialogue,purple,0
0,ch,3,Dialogue,red,0
0,ci,0,Dialogue,blue,0
0,ci,0,Dialogue,green,0
0,ci,0,Dialogue,purple,0
0.811278124,ci,0,Dialogue,red,0.405639062
0,ci,1,Dialogue,blue,0
0,ci,1,Dialogue,green,0
0,ci,1,Dialogue,purple,0
0,ci,1,Dialogue,red,0
0,ci,2,Dialogue,blue,0
0,ci,2,Dialogue,green,0
0,ci,2,Dialogue,purple,0
0,ci,2,Dialogue,red,0
0,ci,3,Dialogue,blue,0
0,ci,3,Dialogue,green,0
0,ci,3,Dialogue,purple,0
0,ci,3,Dialogue,red,0
1.5,cj,0,Dialogue,blue,0.75
1.5,cj,0,Dialogue,green,0.75
1.5,cj,0,Dialogue,purple,0.75
2,cj,0,Dialogue,red,1
2,cj,1,Dialogue,blue,1
1.5,cj,1,Dialogue,green,0.75
2,cj,1,Dialogue,purple,1
1.5,cj,1,Dialogue,red,0.75
2,cj,2,Dialogue,blue,1
2,cj,2,Dialogue,green,1
1.5,cj,2,Dialogue,purple,0.75
2,cj,2,Dialogue,red,1
1.5,cj,3,Dialogue,blue,0.75
2,cj,3,Dialogue,green,1
2,cj,3,Dialogue,purple,1
1.5,cj,3,Dialogue,red,0.75
0,ck,0,Dialogue,blue,0
0,ck,0,Dialogue,green,0
0.811278124,ck,0,Dialogue,purple,0.405639062
1.5,ck,0,Dialogue,red,0.75
0,ck,1,Dialogue,blue,0
0,ck,1,Dialogue,green,0
0,ck,1,Dialogue,purple,0
0,ck,1,Dialogue,red,0
0,ck,2,Dialogue,blue,0
0,ck,2,Dialogue,green,0
0,ck,2,Dialogue,purple,0
0,ck,2,Dialogue,red,0
0,ck,3,Dialogue,blue,0
0,ck,3,Dialogue,green,0
0,ck,3,Dialogue,purple,0
0,ck,3,Dialogue,red,0
0.811278124,da,0,Correspondence,blue,0.405639062
1.5,da,0,Correspondence,green,0.75
1,da,0,Correspondence,purple,0.5
1,da,0,Correspondence,red,0.5
0.811278124,da,1,Correspondence,blue,0.405639062
1.5,da,1,Correspondence,green,0.75
1,da,1,Correspondence,purple,0.5
1.5,da,1,Correspondence,red,0.75
0,da,2,Correspondence,blue,0
1,da,2,Correspondence,green,0.5
1,da,2,Correspondence,purple,0.5
1,da,2,Correspondence,red,0.5
0.811278124,da,3,Correspondence,blue,0.405639062
1.5,da,3,Correspondence,green,0.75
0.811278124,da,3,Correspondence,purple,0.405639062
1,da,3,Correspondence,red,0.5
0.811278124,db,0,Correspondence,blue,0.405639062
2,db,0,Correspondence,green,1
2,db,0,Correspondence,purple,1
1.5,db,0,Correspondence,red,0.75
0,db,1,Correspondence,blue,0
2,db,1,Correspondence,green,1
2,db,1,Correspondence,purple,1
2,db,1,Correspondence,red,1
0,db,2,Correspondence,blue,0
0.811278124,db,2,Correspondence,green,0.405639062
1.5,db,2,Correspondence,purple,0.75
1.5,db,2,Correspondence,red,0.75
0,db,3,Correspondence,blue,0
0.811278124,db,3,Correspondence,green,0.405639062
0.811278124,db,3,Correspondence,purple,0.405639062
0.811278124,db,3,Correspondence,red,0.405639062
2,dc,0,Correspondence,blue,1
2,dc,0,Correspondence,green,1
2,dc,0,Correspondence,purple,1
2,dc,0,Correspondence,red,1
1,dc,1,Correspondence,blue,0.5
1,dc,1,Correspondence,green,0.5
1.5,dc,1,Correspondence,purple,0.75
1,dc,1,Correspondence,red,0.5
1.5,dc,2,Correspondence,blue,0.75
0.811278124,dc,2,Correspondence,green,0.405639062
1.5,dc,2,Correspondence,purple,0.75
0.811278124,dc,2,Correspondence,red,0.405639062
1.5,dc,3,Correspondence,blue,0.75
0.811278124,dc,3,Correspondence,green,0.405639062
1.5,dc,3,Correspondence,purple,0.75
1,dc,3,Correspondence,red,0.5
0.811278124,dd,0,Correspondence,blue,0.405639062
2,dd,0,Correspondence,green,1
0.811278124,dd,0,Correspondence,purple,0.405639062
1.5,dd,0,Correspondence,red,0.75
1.5,dd,1,Correspondence,blue,0.75
1.5,dd,1,Correspondence,green,0.75
1.5,dd,1,Correspondence,purple,0.75
0.811278124,dd,1,Correspondence,red,0.405639062
0,dd,2,Correspondence,blue,0
0,dd,2,Correspondence,green,0
0.811278124,dd,2,Correspondence,purple,0.405639062
0,dd,2,Correspondence,red,0
0,dd,3,Correspondence,blue,0
0,dd,3,Correspondence,green,0
0,dd,3,Correspondence,purple,0
0,dd,3,Correspondence,red,0
2,de,0,Correspondence,blue,1
2,de,0,Correspondence,green,1
2,de,0,Correspondence,purple,1
1.5,de,0,Correspondence,red,0.75
0.811278124,de,1,Correspondence,blue,0.405639062
2,de,1,Correspondence,green,1
2,de,1,Correspondence,purple,1
0.811278124,de,1,Correspondence,red,0.405639062
1,de,2,Correspondence,blue,0.5
2,de,2,Correspondence,green,1
2,de,2,Correspondence,purple,1
1.5,de,2,Correspondence,red,0.75
1.5,de,3,Correspondence,blue,0.75
1.5,de,3,Correspondence,green,0.75
2,de,3,Correspondence,purple,1
1.5,de,3,Correspondence,red,0.75
1.5,df,0,Correspondence,blue,0.75
2,df,0,Correspondence,green,1
2,df,0,Correspondence,purple,1
1.5,df,0,Correspondence,red,0.75
0.811278124,df,1,Correspondence,blue,0.405639062
1,df,1,Correspondence,green,0.5
1.5,df,1,Correspondence,purple,0.75
1.5,df,1,Correspondence,red,0.75
1,df,2,Correspondence,blue,0.5
1.5,df,2,Correspondence,green,0.75
2,df,2,Correspondence,purple,1
0,df,2,Correspondence,red,0
1,df,3,Correspondence,blue,0.5
2,df,3,Correspondence,green,1
1,df,3,Correspondence,purple,0.5
0.811278124,df,3,Correspondence,red,0.405639062
2,dg,0,Correspondence,blue,1
2,dg,0,Correspondence,green,1
2,dg,0,Correspondence,purple,1
2,dg,0,Correspondence,red,1
2,dg,1,Correspondence,blue,1
1.5,dg,1,Correspondence,green,0.75
2,dg,1,Correspondence,purple,1
1.5,dg,1,Correspondence,red,0.75
0.811278124,dg,2,Correspondence,blue,0.405639062
1.5,dg,2,Correspondence,green,0.75
1.5,dg,2,Correspondence,purple,0.75
2,dg,2,Correspondence,red,1
2,dg,3,Correspondence,blue,1
1.5,dg,3,Correspondence,green,0.75
2,dg,3,Correspondence,purple,1
1.5,dg,3,Correspondence,red,0.75
1.5,dh,0,Correspondence,blue,0.75
1.5,dh,0,Correspondence,green,0.75
1.5,dh,0,Correspondence,purple,0.75
1.5,dh,0,Correspondence,red,0.75
2,dh,1,Correspondence,blue,1
2,dh,1,Correspondence,green,1
2,dh,1,Correspondence,purple,1
0.811278124,dh,1,Correspondence,red,0.405639062
0.811278124,dh,2,Correspondence,blue,0.405639062
1.5,dh,2,Correspondence,green,0.75
1.5,dh,2,Correspondence,purple,0.75
1,dh,2,Correspondence,red,0.5
1.5,dh,3,Correspondence,blue,0.75
1.5,dh,3,Correspondence,green,0.75
0.811278124,dh,3,Correspondence,purple,0.405639062
1.5,dh,3,Correspondence,red,0.75
1,di,0,Correspondence,blue,0.5
1.5,di,0,Correspondence,green,0.75
2,di,0,Correspondence,purple,1
0,di,0,Correspondence,red,0
2,di,1,Correspondence,blue,1
1.5,di,1,Correspondence,green,0.75
1,di,1,Correspondence,purple,0.5
2,di,1,Correspondence,red,1
0,di,2,Correspondence,blue,0
0,di,2,Correspondence,green,0
1,di,2,Correspondence,purple,0.5
0,di,2,Correspondence,red,0
0.811278124,di,3,Correspondence,blue,0.405639062
0,di,3,Correspondence,green,0
1,di,3,Correspondence,purple,0.5
0,di,3,Correspondence,red,0
1.5,bj,0,Recall,blue,0.75
0,bj,0,Recall,green,0
2,bj,0,Recall,purple,1
1.5,bj,0,Recall,red,0.75
1.5,bj,1,Recall,blue,0.75
1.5,bj,1,Recall,green,0.75
2,bj,1,Recall,purple,1
1.5,bj,1,Recall,red,0.75
1.5,bj,2,Recall,blue,0.75
2,bj,2,Recall,green,1
2,bj,2,Recall,purple,1
2,bj,2,Recall,red,1
1.5,bj,3,Recall,blue,0.75
1.5,bj,3,Recall,green,0.75
1.5,bj,3,Recall,purple,0.75
2,bj,3,Recall,red,1
0,cl,0,Dialogue,blue,0
0,cl,0,Dialogue,green,0
0,cl,0,Dialogue,purple,0
0,cl,0,Dialogue,red,0
0,cl,1,Dialogue,blue,0
0,cl,1,Dialogue,green,0
0,cl,1,Dialogue,purple,0
0,cl,1,Dialogue,red,0
0,cl,2,Dialogue,blue,0
0,cl,2,Dialogue,green,0
0,cl,2,Dialogue,purple,0
0,cl,2,Dialogue,red,0
0,cl,3,Dialogue,blue,0
0,cl,3,Dialogue,green,0
0,cl,3,Dialogue,purple,0
0,cl,3,Dialogue,red,0
2,cm,0,Dialogue,blue,1
1,cm,0,Dialogue,green,0.5
2,cm,0,Dialogue,purple,1
2,cm,0,Dialogue,red,1
0,cm,1,Dialogue,blue,0
0,cm,1,Dialogue,green,0
0,cm,1,Dialogue,purple,0
0,cm,1,Dialogue,red,0
0.811278124,cm,2,Dialogue,blue,0.405639062
1.5,cm,2,Dialogue,green,0.75
0,cm,2,Dialogue,purple,0
1.5,cm,2,Dialogue,red,0.75
2,cm,3,Dialogue,blue,1
2,cm,3,Dialogue,green,1
2,cm,3,Dialogue,purple,1
1,cm,3,Dialogue,red,0.5
1.5,aj,0,Mnemonic,blue,0.75
2,aj,0,Mnemonic,green,1
2,aj,0,Mnemonic,purple,1
2,aj,0,Mnemonic,red,1
0,aj,1,Mnemonic,blue,0
0,aj,1,Mnemonic,green,0
0.811278124,aj,1,Mnemonic,purple,0.405639062
0,aj,1,Mnemonic,red,0
0,aj,2,Mnemonic,blue,0
0,aj,2,Mnemonic,green,0
0,aj,2,Mnemonic,purple,0
0,aj,2,Mnemonic,red,0
0,aj,3,Mnemonic,blue,0
0,aj,3,Mnemonic,green,0
0,aj,3,Mnemonic,purple,0
0,aj,3,Mnemonic,red,0
1.5,ak,0,Mnemonic,blue,0.75
1.5,ak,0,Mnemonic,green,0.75
0.811278124,ak,0,Mnemonic,purple,0.405639062
1.5,ak,0,Mnemonic,red,0.75
1,ak,1,Mnemonic,blue,0.5
1.5,ak,1,Mnemonic,green,0.75
1,ak,1,Mnemonic,purple,0.5
1,ak,1,Mnemonic,red,0.5
0.811278124,ak,2,Mnemonic,blue,0.405639062
0.811278124,ak,2,Mnemonic,green,0.405639062
0.811278124,ak,2,Mnemonic,purple,0.405639062
1,ak,2,Mnemonic,red,0.5
1,ak,3,Mnemonic,blue,0.5
0.811278124,ak,3,Mnemonic,green,0.405639062
1,ak,3,Mnemonic,purple,0.5
1,ak,3,Mnemonic,red,0.5
2,al,0,Mnemonic,blue,1
1.5,al,0,Mnemonic,green,0.75
2,al,0,Mnemonic,purple,1
1.5,al,0,Mnemonic,red,0.75
1.5,al,1,Mnemonic,blue,0.75
1.5,al,1,Mnemonic,green,0.75
2,al,1,Mnemonic,purple,1
1.5,al,1,Mnemonic,red,0.75
1.5,al,2,Mnemonic,blue,0.75
1.5,al,2,Mnemonic,green,0.75
1.5,al,2,Mnemonic,purple,0.75
1.5,al,2,Mnemonic,red,0.75
1.5,al,3,Mnemonic,blue,0.75
1.5,al,3,Mnemonic,green,0.75
1.5,al,3,Mnemonic,purple,0.75
1.5,al,3,Mnemonic,red,0.75
1.5,am,0,Mnemonic,blue,0.75
0.811278124,am,0,Mnemonic,green,0.405639062
1.5,am,0,Mnemonic,purple,0.75
1.5,am,0,Mnemonic,red,0.75
0.811278124,am,1,Mnemonic,blue,0.405639062
0.811278124,am,1,Mnemonic,green,0.405639062
1.5,am,1,Mnemonic,purple,0.75
1.5,am,1,Mnemonic,red,0.75
0.811278124,am,2,Mnemonic,blue,0.405639062
1,am,2,Mnemonic,green,0.5
1.5,am,2,Mnemonic,purple,0.75
1,am,2,Mnemonic,red,0.5
1.5,am,3,Mnemonic,blue,0.75
1.5,am,3,Mnemonic,green,0.75
1.5,am,3,Mnemonic,purple,0.75
0.811278124,am,3,Mnemonic,red,0.405639062
1.5,an,0,Mnemonic,blue,0.75
2,an,0,Mnemonic,green,1
0.811278124,an,0,Mnemonic,purple,0.405639062
1,an,0,Mnemonic,red,0.5
0.811278124,an,1,Mnemonic,blue,0.405639062
1,an,1,Mnemonic,green,0.5
1.5,an,1,Mnemonic,purple,0.75
1,an,1,Mnemonic,red,0.5
0.811278124,an,2,Mnemonic,blue,0.405639062
1,an,2,Mnemonic,green,0.5
0.811278124,an,2,Mnemonic,purple,0.405639062
1,an,2,Mnemonic,red,0.5
1.5,an,3,Mnemonic,blue,0.75
1,an,3,Mnemonic,green,0.5
0.811278124,an,3,Mnemonic,purple,0.405639062
1.5,an,3,Mnemonic,red,0.75
0,bk,0,Recall,blue,0
0,bk,0,Recall,green,0
2,bk,0,Recall,purple,1
0,bk,0,Recall,red,0
1.5,bk,1,Recall,blue,0.75
1.5,bk,1,Recall,green,0.75
1.5,bk,1,Recall,purple,0.75
1.5,bk,1,Recall,red,0.75
2,bk,2,Recall,blue,1
1.5,bk,2,Recall,green,0.75
1.5,bk,2,Recall,purple,0.75
1.5,bk,2,Recall,red,0.75
0,bk,3,Recall,blue,0
2,bk,3,Recall,green,1
1.5,bk,3,Recall,purple,0.75
2,bk,3,Recall,red,1
1,bl,0,Recall,blue,0.5
0,bl,0,Recall,green,0
1.5,bl,0,Recall,purple,0.75
1.5,bl,0,Recall,red,0.75
0.811278124,bl,1,Recall,blue,0.405639062
1,bl,1,Recall,green,0.5
0,bl,1,Recall,purple,0
0.811278124,bl,1,Recall,red,0.405639062
0,bl,2,Recall,blue,0
1,bl,2,Recall,green,0.5
0,bl,2,Recall,purple,0
0.811278124,bl,2,Recall,red,0.405639062
1.5,bl,3,Recall,blue,0.75
1.5,bl,3,Recall,green,0.75
1.5,bl,3,Recall,purple,0.75
1,bl,3,Recall,red,0.5
1.5,bm,0,Recall,blue,0.75
0,bm,0,Recall,green,0
2,bm,0,Recall,purple,1
1.5,bm,0,Recall,red,0.75
2,bm,1,Recall,blue,1
0,bm,1,Recall,green,0
1.5,bm,1,Recall,purple,0.75
0,bm,1,Recall,red,0
1,bm,2,Recall,blue,0.5
0,bm,2,Recall,green,0
1.5,bm,2,Recall,purple,0.75
0,bm,2,Recall,red,0
0,bm,3,Recall,blue,0
0,bm,3,Recall,green,0
0.811278124,bm,3,Recall,purple,0.405639062
0,bm,3,Recall,red,0
1.5,bn,0,Recall,blue,0.75
1.5,bn,0,Recall,green,0.75
0.811278124,bn,0,Recall,purple,0.405639062
1,bn,0,Recall,red,0.5
0.811278124,bn,1,Recall,blue,0.405639062
2,bn,1,Recall,green,1
0.811278124,bn,1,Recall,purple,0.405639062
1.5,bn,1,Recall,red,0.75
0,bn,2,Recall,blue,0
1,bn,2,Recall,green,0.5
0,bn,2,Recall,purple,0
1.5,bn,2,Recall,red,0.75
0,bn,3,Recall,blue,0
1.5,bn,3,Recall,green,0.75
0,bn,3,Recall,purple,0
1.5,bn,3,Recall,red,0.75
0.811278124,cn,0,Dialogue,blue,0.405639062
0,cn,0,Dialogue,green,0
0,cn,0,Dialogue,purple,0
0,cn,0,Dialogue,red,0
0,cn,1,Dialogue,blue,0
0,cn,1,Dialogue,green,0
0,cn,1,Dialogue,purple,0
0,cn,1,Dialogue,red,0
0,cn,2,Dialogue,blue,0
0.811278124,cn,2,Dialogue,green,0.405639062
0,cn,2,Dialogue,purple,0
0,cn,2,Dialogue,red,0
0,cn,3,Dialogue,blue,0
0,cn,3,Dialogue,green,0
0,cn,3,Dialogue,purple,0
0,cn,3,Dialogue,red,0
0,co,0,Dialogue,blue,0
0,co,0,Dialogue,green,0
0,co,0,Dialogue,purple,0
0.811278124,co,0,Dialogue,red,0.405639062
0,co,1,Dialogue,blue,0
0,co,1,Dialogue,green,0
0,co,1,Dialogue,purple,0
0,co,1,Dialogue,red,0
0,co,2,Dialogue,blue,0
0,co,2,Dialogue,green,0
0,co,2,Dialogue,purple,0
0,co,2,Dialogue,red,0
0,co,3,Dialogue,blue,0
0,co,3,Dialogue,green,0
0,co,3,Dialogue,purple,0
0,co,3,Dialogue,red,0
0,ca,0,Dialogue,blue,0
0,ca,0,Dialogue,green,0
0,ca,0,Dialogue,purple,0
0.811278124,ca,0,Dialogue,red,0.405639062
0,ca,1,Dialogue,blue,0
2,ca,1,Dialogue,green,1
1.5,ca,1,Dialogue,purple,0.75
0.811278124,ca,1,Dialogue,red,0.405639062
0,ca,2,Dialogue,blue,0
0,ca,2,Dialogue,green,0
0,ca,2,Dialogue,purple,0
0.811278124,ca,2,Dialogue,red,0.405639062
0,ca,3,Dialogue,blue,0
0,ca,3,Dialogue,green,0
0,ca,3,Dialogue,purple,0
0,ca,3,Dialogue,red,0
1.5,dj,0,Correspondence,blue,0.75
2,dj,0,Correspondence,green,1
1.5,dj,0,Correspondence,purple,0.75
0.811278124,dj,0,Correspondence,red,0.405639062
2,dj,1,Correspondence,blue,1
1.5,dj,1,Correspondence,green,0.75
1.5,dj,1,Correspondence,purple,0.75
1.5,dj,1,Correspondence,red,0.75
1,dj,2,Correspondence,blue,0.5
1.5,dj,2,Correspondence,green,0.75
1.5,dj,2,Correspondence,purple,0.75
1.5,dj,2,Correspondence,red,0.75
1,dj,3,Correspondence,blue,0.5
1.5,dj,3,Correspondence,green,0.75
2,dj,3,Correspondence,purple,1
0.811278124,dj,3,Correspondence,red,0.405639062
1.5,dk,0,Correspondence,blue,0.75
2,dk,0,Correspondence,green,1
2,dk,0,Correspondence,purple,1
0.811278124,dk,0,Correspondence,red,0.405639062
0.811278124,dk,1,Correspondence,blue,0.405639062
1.5,dk,1,Correspondence,green,0.75
1.5,dk,1,Correspondence,purple,0.75
1,dk,1,Correspondence,red,0.5
0,dk,2,Correspondence,blue,0
0.811278124,dk,2,Correspondence,green,0.405639062
0.811278124,dk,2,Correspondence,purple,0.405639062
0.811278124,dk,2,Correspondence,red,0.405639062
0,dk,3,Correspondence,blue,0
0.811278124,dk,3,Correspondence,green,0.405639062
0.811278124,dk,3,Correspondence,purple,0.405639062
0.811278124,dk,3,Correspondence,red,0.405639062
0,dl,0,Correspondence,blue,0
0,dl,0,Correspondence,green,0
0.811278124,dl,0,Correspondence,purple,0.405639062
0.811278124,dl,0,Correspondence,red,0.405639062
0,dl,1,Correspondence,blue,0
0,dl,1,Correspondence,green,0
1,dl,1,Correspondence,purple,0.5
2,dl,1,Correspondence,red,1
0.811278124,dl,2,Correspondence,blue,0.405639062
0.811278124,dl,2,Correspondence,green,0.405639062
2,dl,2,Correspondence,purple,1
1.5,dl,2,Correspondence,red,0.75
1.5,dl,3,Correspondence,blue,0.75
1,dl,3,Correspondence,green,0.5
0.811278124,dl,3,Correspondence,purple,0.405639062
1,dl,3,Correspondence,red,0.5
1.5,dm,0,Correspondence,blue,0.75
1.5,dm,0,Correspondence,green,0.75
2,dm,0,Correspondence,purple,1
1.5,dm,0,Correspondence,red,0.75
2,dm,1,Correspondence,blue,1
2,dm,1,Correspondence,green,1
2,dm,1,Correspondence,purple,1
1.5,dm,1,Correspondence,red,0.75
1.5,dm,2,Correspondence,blue,0.75
2,dm,2,Correspondence,green,1
2,dm,2,Correspondence,purple,1
0.811278124,dm,2,Correspondence,red,0.405639062
1.5,dm,3,Correspondence,blue,0.75
1.5,dm,3,Correspondence,green,0.75
1.5,dm,3,Correspondence,purple,0.75
0.811278124,dm,3,Correspondence,red,0.405639062
2,dn,0,Correspondence,blue,1
1.5,dn,0,Correspondence,green,0.75
1.5,dn,0,Correspondence,purple,0.75
1.5,dn,0,Correspondence,red,0.75
2,dn,1,Correspondence,blue,1
2,dn,1,Correspondence,green,1
2,dn,1,Correspondence,purple,1
1.5,dn,1,Correspondence,red,0.75
2,dn,2,Correspondence,blue,1
1.5,dn,2,Correspondence,green,0.75
2,dn,2,Correspondence,purple,1
1.5,dn,2,Correspondence,red,0.75
1.5,dn,3,Correspondence,blue,0.75
2,dn,3,Correspondence,green,1
2,dn,3,Correspondence,purple,1
1.5,dn,3,Correspondence,red,0.75
0.811278124,do,0,Correspondence,blue,0.405639062
0,do,0,Correspondence,green,0
0.811278124,do,0,Correspondence,purple,0.405639062
1.5,do,0,Correspondence,red,0.75
1,do,1,Correspondence,blue,0.5
1.5,do,1,Correspondence,green,0.75
1.5,do,1,Correspondence,purple,0.75
1,do,1,Correspondence,red,0.5
1,do,2,Correspondence,blue,0.5
1.5,do,2,Correspondence,green,0.75
1.5,do,2,Correspondence,purple,0.75
1,do,2,Correspondence,red,0.5
1,do,3,Correspondence,blue,0.5
1.5,do,3,Correspondence,green,0.75
1,do,3,Correspondence,purple,0.5
1,do,3,Correspondence,red,0.5
1.5,bo,0,Recall,blue,0.75
2,bo,0,Recall,green,1
1.5,bo,0,Recall,purple,0.75
1,bo,0,Recall,red,0.5
1,bo,1,Recall,blue,0.5
1.5,bo,1,Recall,green,0.75
0.811278124,bo,1,Recall,purple,0.405639062
1.5,bo,1,Recall,red,0.75
1,bo,2,Recall,blue,0.5
1.5,bo,2,Recall,green,0.75
1.5,bo,2,Recall,purple,0.75
1,bo,2,Recall,red,0.5
1,bo,3,Recall,blue,0.5
0.811278124,bo,3,Recall,green,0.405639062
1.5,bo,3,Recall,purple,0.75
1,bo,3,Recall,red,0.5
1.5,ao,0,Mnemonic,blue,0.75
2,ao,0,Mnemonic,green,1
1.5,ao,0,Mnemonic,purple,0.75
2,ao,0,Mnemonic,red,1
1.5,ao,1,Mnemonic,blue,0.75
1.5,ao,1,Mnemonic,green,0.75
1.5,ao,1,Mnemonic,purple,0.75
1,ao,1,Mnemonic,red,0.5
0,ao,2,Mnemonic,blue,0
0.811278124,ao,2,Mnemonic,green,0.405639062
1.5,ao,2,Mnemonic,purple,0.75
1.5,ao,2,Mnemonic,red,0.75
0,ao,3,Mnemonic,blue,0
0,ao,3,Mnemonic,green,0
0,ao,3,Mnemonic,purple,0
0,ao,3,Mnemonic,red,0
