error,participant,block,condition,colour,category
0,aa,0,Mnemonic,blue1,blue
0,aa,0,Mnemonic,blue2,blue
0.25,aa,0,Mnemonic,blue3,blue
0,aa,0,Mnemonic,blue4,blue
0.5,aa,0,Mnemonic,green1,green
0.5,aa,0,Mnemonic,green2,green
0.75,aa,0,Mnemonic,green3,green
0.25,aa,0,Mnemonic,green4,green
0.75,aa,0,Mnemonic,purple1,purple
0.25,aa,0,Mnemonic,purple2,purple
1,aa,0,Mnemonic,purple3,purple
0,aa,0,Mnemonic,purple4,purple
0,aa,0,Mnemonic,red1,red
0,aa,0,Mnemonic,red2,red
0.5,aa,0,Mnemonic,red3,red
0.25,aa,0,Mnemonic,red4,red
0,aa,1,Mnemonic,blue1,blue
0.75,aa,1,Mnemonic,blue2,blue
0.75,aa,1,Mnemonic,blue3,blue
0.25,aa,1,Mnemonic,blue4,blue
0.5,aa,1,Mnemonic,green1,green
0.5,aa,1,Mnemonic,green2,green
0,aa,1,Mnemonic,green3,green
0.25,aa,1,Mnemonic,green4,green
0.5,aa,1,Mnemonic,purple1,purple
0.25,aa,1,Mnemonic,purple2,purple
0.25,aa,1,Mnemonic,purple3,purple
0.25,aa,1,Mnemonic,purple4,purple
0,aa,1,Mnemonic,red1,red
0.5,aa,1,Mnemonic,red2,red
0.5,aa,1,Mnemonic,red3,red
0.75,aa,1,Mnemonic,red4,red
0.25,aa,2,Mnemonic,blue1,blue
0.5,aa,2,Mnemonic,blue2,blue
0.5,aa,2,Mnemonic,blue3,blue
0.5,aa,2,Mnemonic,blue4,blue
0.5,aa,2,Mnemonic,green1,green
0.75,aa,2,Mnemonic,green2,green
0.5,aa,2,Mnemonic,green3,green
0.5,aa,2,Mnemonic,green4,green
0.75,aa,2,Mnemonic,purple1,purple
0.25,aa,2,Mnemonic,purple2,purple
0.5,aa,2,Mnemonic,purple3,purple
0.25,aa,2,Mnemonic,purple4,purple
0.5,aa,2,Mnemonic,red1,red
0.25,aa,2,Mnemonic,red2,red
0,aa,2,Mnemonic,red3,red
0.5,aa,2,Mnemonic,red4,red
0.5,ab,0,Mnemonic,blue1,blue
0.5,ab,0,Mnemonic,blue2,blue
0,ab,0,Mnemonic,blue3,blue
0,ab,0,Mnemonic,blue4,blue
0,ab,0,Mnemonic,green1,green
0,ab,0,Mnemonic,green2,green
0,ab,0,Mnemonic,green3,green
0,ab,0,Mnemonic,green4,green
0,ab,0,Mnemonic,purple1,purple
0,ab,0,Mnemonic,purple2,purple
0.25,ab,0,Mnemonic,purple3,purple
0.5,ab,0,Mnemonic,purple4,purple
0,ab,0,Mnemonic,red1,red
0,ab,0,Mnemonic,red2,red
0,ab,0,Mnemonic,red3,red
0,ab,0,Mnemonic,red4,red
0,ab,1,Mnemonic,blue1,blue
0,ab,1,Mnemonic,blue2,blue
0,ab,1,Mnemonic,blue3,blue
0,ab,1,Mnemonic,blue4,blue
0,ab,1,Mnemonic,green1,green
0,ab,1,Mnemonic,green2,green
0,ab,1,Mnemonic,green3,green
0,ab,1,Mnemonic,green4,green
0,ab,1,Mnemonic,purple1,purple
0,ab,1,Mnemonic,purple2,purple
0,ab,1,Mnemonic,purple3,purple
0.25,ab,1,Mnemonic,purple4,purple
0,ab,1,Mnemonic,red1,red
0,ab,1,Mnemonic,red2,red
0,ab,1,Mnemonic,red3,red
0,ab,1,Mnemonic,red4,red
0,ab,2,Mnemonic,blue1,blue
0,ab,2,Mnemonic,blue2,blue
0,ab,2,Mnemonic,blue3,blue
0,ab,2,Mnemonic,blue4,blue
0,ab,2,Mnemonic,green1,green
0,ab,2,Mnemonic,green2,green
0,ab,2,Mnemonic,green3,green
0,ab,2,Mnemonic,green4,green
0,ab,2,Mnemonic,purple1,purple
0,ab,2,Mnemonic,purple2,purple
0,ab,2,Mnemonic,purple3,purple
0,ab,2,Mnemonic,purple4,purple
0,ab,2,Mnemonic,red1,red
0,ab,2,Mnemonic,red2,red
0,ab,2,Mnemonic,red3,red
0,ab,2,Mnemonic,red4,red
0.5,ac,0,Mnemonic,blue1,blue
0.25,ac,0,Mnemonic,blue2,blue
0,ac,0,Mnemonic,blue3,blue
0,ac,0,Mnemonic,blue4,blue
0.75,ac,0,Mnemonic,green1,green
0,ac,0,Mnemonic,green2,green
0.75,ac,0,Mnemonic,green3,green
0,ac,0,Mnemonic,green4,green
0,ac,0,Mnemonic,purple1,purple
0,ac,0,Mnemonic,purple2,purple
0,ac,0,Mnemonic,purple3,purple
0,ac,0,Mnemonic,purple4,purple
0.5,ac,0,Mnemonic,red1,red
0.25,ac,0,Mnemonic,red2,red
0.5,ac,0,Mnemonic,red3,red
0,ac,0,Mnemonic,red4,red
0,ac,1,Mnemonic,blue1,blue
0,ac,1,Mnemonic,blue2,blue
0,ac,1,Mnemonic,blue3,blue
0,ac,1,Mnemonic,blue4,blue
0,ac,1,Mnemonic,green1,green
0,ac,1,Mnemonic,green2,green
0,ac,1,Mnemonic,green3,green
0,ac,1,Mnemonic,green4,green
0,ac,1,Mnemonic,purple1,purple
0,ac,1,Mnemonic,purple2,purple
0,ac,1,Mnemonic,purple3,purple
0,ac,1,Mnemonic,purple4,purple
0,ac,1,Mnemonic,red1,red
0,ac,1,Mnemonic,red2,red
0,ac,1,Mnemonic,red3,red
0,ac,1,Mnemonic,red4,red
0,ac,2,Mnemonic,blue1,blue
0,ac,2,Mnemonic,blue2,blue
0,ac,2,Mnemonic,blue3,blue
0,ac,2,Mnemonic,blue4,blue
0,ac,2,Mnemonic,green1,green
0,ac,2,Mnemonic,green2,green
0,ac,2,Mnemonic,green3,green
0,ac,2,Mnemonic,green4,green
0,ac,2,Mnemonic,purple1,purple
0,ac,2,Mnemonic,purple2,purple
0,ac,2,Mnemonic,purple3,purple
0,ac,2,Mnemonic,purple4,purple
0,ac,2,Mnemonic,red1,red
0,ac,2,Mnemonic,red2,red
0,ac,2,Mnemonic,red3,red
0,ac,2,Mnemonic,red4,red
0,ad,0,Mnemonic,blue1,blue
0.5,ad,0,Mnemonic,blue2,blue
0.25,ad,0,Mnemonic,blue3,blue
0.5,ad,0,Mnemonic,blue4,blue
0.25,ad,0,Mnemonic,green1,green
0.5,ad,0,Mnemonic,green2,green
0.75,ad,0,Mnemonic,green3,green
1,ad,0,Mnemonic,green4,green
0.75,ad,0,Mnemonic,purple1,purple
0.75,ad,0,Mnemonic,purple2,purple
0,ad,0,Mnemonic,purple3,purple
0.75,ad,0,Mnemonic,purple4,purple
0.25,ad,0,Mnemonic,red1,red
0,ad,0,Mnemonic,red2,red
0.5,ad,0,Mnemonic,red3,red
0.75,ad,0,Mnemonic,red4,red
0.25,ad,1,Mnemonic,blue1,blue
0.5,ad,1,Mnemonic,blue2,blue
0.25,ad,1,Mnemonic,blue3,blue
0.25,ad,1,Mnemonic,blue4,blue
0.5,ad,1,Mnemonic,green1,green
0.75,ad,1,Mnemonic,green2,green
0,ad,1,Mnemonic,green3,green
0.5,ad,1,Mnemonic,green4,green
0.75,ad,1,Mnemonic,purple1,purple
1,ad,1,Mnemonic,purple2,purple
0,ad,1,Mnemonic,purple3,purple
0,ad,1,Mnemonic,purple4,purple
0.5,ad,1,Mnemonic,red1,red
0.25,ad,1,Mnemonic,red2,red
0.25,ad,1,Mnemonic,red3,red
0,ad,1,Mnemonic,red4,red
0,ad,2,Mnemonic,blue1,blue
0,ad,2,Mnemonic,blue2,blue
0.75,ad,2,Mnemonic,blue3,blue
0.5,ad,2,Mnemonic,blue4,blue
0.5,ad,2,Mnemonic,green1,green
0,ad,2,Mnemonic,green2,green
0,ad,2,Mnemonic,green3,green
0.25,ad,2,Mnemonic,green4,green
0.25,ad,2,Mnemonic,purple1,purple
0.75,ad,2,Mnemonic,purple2,purple
0.5,ad,2,Mnemonic,purple3,purple
0,ad,2,Mnemonic,purple4,purple
0.75,ad,2,Mnemonic,red1,red
0.25,ad,2,Mnemonic,red2,red
0.75,ad,2,Mnemonic,red3,red
0.5,ad,2,Mnemonic,red4,red
0.25,ae,0,Mnemonic,blue1,blue
1,ae,0,Mnemonic,blue2,blue
0.5,ae,0,Mnemonic,blue3,blue
0.5,ae,0,Mnemonic,blue4,blue
0.25,ae,0,Mnemonic,green1,green
0.25,ae,0,Mnemonic,green2,green
0,ae,0,Mnemonic,green3,green
0.75,ae,0,Mnemonic,green4,green
0.5,ae,0,Mnemonic,purple1,purple
0.75,ae,0,Mnemonic,purple2,purple
1,ae,0,Mnemonic,purple3,purple
0.5,ae,0,Mnemonic,purple4,purple
0,ae,0,Mnemonic,red1,red
0,ae,0,Mnemonic,red2,red
1,ae,0,Mnemonic,red3,red
0.5,ae,0,Mnemonic,red4,red
0,ae,1,Mnemonic,blue1,blue
0,ae,1,Mnemonic,blue2,blue
0.75,ae,1,Mnemonic,blue3,blue
0.75,ae,1,Mnemonic,blue4,blue
0.5,ae,1,Mnemonic,green1,green
0,ae,1,Mnemonic,green2,green
0.25,ae,1,Mnemonic,green3,green
0.75,ae,1,Mnemonic,green4,green
0.75,ae,1,Mnemonic,purple1,purple
0.25,ae,1,Mnemonic,purple2,purple
0.25,ae,1,Mnemonic,purple3,purple
0.25,ae,1,Mnemonic,purple4,purple
0,ae,1,Mnemonic,red1,red
0,ae,1,Mnemonic,red2,red
0,ae,1,Mnemonic,red3,red
0.75,ae,1,Mnemonic,red4,red
0,ae,2,Mnemonic,blue1,blue
0,ae,2,Mnemonic,blue2,blue
0,ae,2,Mnemonic,blue3,blue
0.75,ae,2,Mnemonic,blue4,blue
0,ae,2,Mnemonic,green1,green
0,ae,2,Mnemonic,green2,green
0,ae,2,Mnemonic,green3,green
0,ae,2,Mnemonic,green4,green
0,ae,2,Mnemonic,purple1,purple
0,ae,2,Mnemonic,purple2,purple
0,ae,2,Mnemonic,purple3,purple
0.5,ae,2,Mnemonic,purple4,purple
0,ae,2,Mnemonic,red1,red
0,ae,2,Mnemonic,red2,red
0,ae,2,Mnemonic,red3,red
0.75,ae,2,Mnemonic,red4,red
0.5,af,0,Mnemonic,blue1,blue
0,af,0,Mnemonic,blue2,blue
0.5,af,0,Mnemonic,blue3,blue
0.5,af,0,Mnemonic,blue4,blue
1,af,0,Mnemonic,green1,green
1,af,0,Mnemonic,green2,green
0.75,af,0,Mnemonic,green3,green
0.25,af,0,Mnemonic,green4,green
0.5,af,0,Mnemonic,purple1,purple
0.5,af,0,Mnemonic,purple2,purple
0.25,af,0,Mnemonic,purple3,purple
0,af,0,Mnemonic,purple4,purple
0.25,af,0,Mnemonic,red1,red
0.75,af,0,Mnemonic,red2,red
0.75,af,0,Mnemonic,red3,red
0.25,af,0,Mnemonic,red4,red
0,af,1,Mnemonic,blue1,blue
0,af,1,Mnemonic,blue2,blue
0.5,af,1,Mnemonic,blue3,blue
0,af,1,Mnemonic,blue4,blue
0,af,1,Mnemonic,green1,green
0,af,1,Mnemonic,green2,green
0,af,1,Mnemonic,green3,green
0.25,af,1,Mnemonic,green4,green
0.5,af,1,Mnemonic,purple1,purple
0.5,af,1,Mnemonic,purple2,purple
0,af,1,Mnemonic,purple3,purple
0.25,af,1,Mnemonic,purple4,purple
0.25,af,1,Mnemonic,red1,red
0.5,af,1,Mnemonic,red2,red
0,af,1,Mnemonic,red3,red
0,af,1,Mnemonic,red4,red
0.25,af,2,Mnemonic,blue1,blue
0,af,2,Mnemonic,blue2,blue
0.75,af,2,Mnemonic,blue3,blue
0,af,2,Mnemonic,blue4,blue
0,af,2,Mnemonic,green1,green
0,af,2,Mnemonic,green2,green
0.5,af,2,Mnemonic,green3,green
0.5,af,2,Mnemonic,green4,green
0.25,af,2,Mnemonic,purple1,purple
0.5,af,2,Mnemonic,purple2,purple
0.25,af,2,Mnemonic,purple3,purple
0.5,af,2,Mnemonic,purple4,purple
0,af,2,Mnemonic,red1,red
0.5,af,2,Mnemonic,red2,red
0.5,af,2,Mnemonic,red3,red
0.25,af,2,Mnemonic,red4,red
0.75,ag,0,Mnemonic,blue1,blue
0.5,ag,0,Mnemonic,blue2,blue
0.25,ag,0,Mnemonic,blue3,blue
0,ag,0,Mnemonic,blue4,blue
0.25,ag,0,Mnemonic,green1,green
0,ag,0,Mnemonic,green2,green
0.5,ag,0,Mnemonic,green3,green
0.25,ag,0,Mnemonic,green4,green
0.75,ag,0,Mnemonic,purple1,purple
0.5,ag,0,Mnemonic,purple2,purple
0,ag,0,Mnemonic,purple3,purple
0,ag,0,Mnemonic,purple4,purple
0.75,ag,0,Mnemonic,red1,red
0.25,ag,0,Mnemonic,red2,red
0,ag,0,Mnemonic,red3,red
0.25,ag,0,Mnemonic,red4,red
0.5,ag,1,Mnemonic,blue1,blue
1,ag,1,Mnemonic,blue2,blue
0.75,ag,1,Mnemonic,blue3,blue
1,ag,1,Mnemonic,blue4,blue
0.5,ag,1,Mnemonic,green1,green
0.25,ag,1,Mnemonic,green2,green
0.75,ag,1,Mnemonic,green3,green
0.75,ag,1,Mnemonic,green4,green
0.5,ag,1,Mnemonic,purple1,purple
0.75,ag,1,Mnemonic,purple2,purple
0,ag,1,Mnemonic,purple3,purple
0.75,ag,1,Mnemonic,purple4,purple
0.5,ag,1,Mnemonic,red1,red
0.25,ag,1,Mnemonic,red2,red
1,ag,1,Mnemonic,red3,red
1,ag,1,Mnemonic,red4,red
0,ag,2,Mnemonic,blue1,blue
0,ag,2,Mnemonic,blue2,blue
0,ag,2,Mnemonic,blue3,blue
0,ag,2,Mnemonic,blue4,blue
0,ag,2,Mnemonic,green1,green
0.25,ag,2,Mnemonic,green2,green
0.25,ag,2,Mnemonic,green3,green
0.25,ag,2,Mnemonic,green4,green
0.25,ag,2,Mnemonic,purple1,purple
0.25,ag,2,Mnemonic,purple2,purple
0.25,ag,2,Mnemonic,purple3,purple
0,ag,2,Mnemonic,purple4,purple
0.25,ag,2,Mnemonic,red1,red
0.25,ag,2,Mnemonic,red2,red
0.25,ag,2,Mnemonic,red3,red
0,ag,2,Mnemonic,red4,red
1,ah,0,Mnemonic,blue1,blue
0.5,ah,0,Mnemonic,blue2,blue
0.75,ah,0,Mnemonic,blue3,blue
0.25,ah,0,Mnemonic,blue4,blue
0.75,ah,0,Mnemonic,green1,green
0.5,ah,0,Mnemonic,green2,green
1,ah,0,Mnemonic,green3,green
0.5,ah,0,Mnemonic,green4,green
0,ah,0,Mnemonic,purple1,purple
0.25,ah,0,Mnemonic,purple2,purple
0.25,ah,0,Mnemonic,purple3,purple
1,ah,0,Mnemonic,purple4,purple
0,ah,0,Mnemonic,red1,red
0,ah,0,Mnemonic,red2,red
0,ah,0,Mnemonic,red3,red
0.25,ah,0,Mnemonic,red4,red
0.25,ah,1,Mnemonic,blue1,blue
0.25,ah,1,Mnemonic,blue2,blue
0,ah,1,Mnemonic,blue3,blue
0.25,ah,1,Mnemonic,blue4,blue
0,ah,1,Mnemonic,green1,green
0.25,ah,1,Mnemonic,green2,green
0.25,ah,1,Mnemonic,green3,green
0,ah,1,Mnemonic,green4,green
0.25,ah,1,Mnemonic,purple1,purple
0.5,ah,1,Mnemonic,purple2,purple
0.25,ah,1,Mnemonic,purple3,purple
0.75,ah,1,Mnemonic,purple4,purple
0,ah,1,Mnemonic,red1,red
0,ah,1,Mnemonic,red2,red
0.25,ah,1,Mnemonic,red3,red
0,ah,1,Mnemonic,red4,red
0,ah,2,Mnemonic,blue1,blue
0,ah,2,Mnemonic,blue2,blue
0.25,ah,2,Mnemonic,blue3,blue
0,ah,2,Mnemonic,blue4,blue
0,ah,2,Mnemonic,green1,green
0.25,ah,2,Mnemonic,green2,green
0.25,ah,2,Mnemonic,green3,green
0.25,ah,2,Mnemonic,green4,green
0.25,ah,2,Mnemonic,purple1,purple
0.25,ah,2,Mnemonic,purple2,purple
0.5,ah,2,Mnemonic,purple3,purple
0.75,ah,2,Mnemonic,purple4,purple
0,ah,2,Mnemonic,red1,red
0.25,ah,2,Mnemonic,red2,red
0.25,ah,2,Mnemonic,red3,red
0.5,ah,2,Mnemonic,red4,red
0.25,ai,0,Mnemonic,blue1,blue
0,ai,0,Mnemonic,blue2,blue
0.75,ai,0,Mnemonic,blue3,blue
0.75,ai,0,Mnemonic,blue4,blue
0.5,ai,0,Mnemonic,green1,green
1,ai,0,Mnemonic,green2,green
0.75,ai,0,Mnemonic,green3,green
0.5,ai,0,Mnemonic,green4,green
0.75,ai,0,Mnemonic,purple1,purple
1,ai,0,Mnemonic,purple2,purple
0.25,ai,0,Mnemonic,purple3,purple
0.5,ai,0,Mnemonic,purple4,purple
0,ai,0,Mnemonic,red1,red
0,ai,0,Mnemonic,red2,red
0.25,ai,0,Mnemonic,red3,red
0.5,ai,0,Mnemonic,red4,red
0,ai,1,Mnemonic,blue1,blue
0,ai,1,Mnemonic,blue2,blue
0.75,ai,1,Mnemonic,blue3,blue
0.25,ai,1,Mnemonic,blue4,blue
0,ai,1,Mnemonic,green1,green
0.5,ai,1,Mnemonic,green2,green
0,ai,1,Mnemonic,green3,green
0,ai,1,Mnemonic,green4,green
0,ai,1,Mnemonic,purple1,purple
1,ai,1,Mnemonic,purple2,purple
1,ai,1,Mnemonic,purple3,purple
0.75,ai,1,Mnemonic,purple4,purple
0,ai,1,Mnemonic,red1,red
0.5,ai,1,Mnemonic,red2,red
0.5,ai,1,Mnemonic,red3,red
0,ai,1,Mnemonic,red4,red
0,ai,2,Mnemonic,blue1,blue
0.5,ai,2,Mnemonic,blue2,blue
0.25,ai,2,Mnemonic,blue3,blue
0,ai,2,Mnemonic,blue4,blue
0,ai,2,Mnemonic,green1,green
0.25,ai,2,Mnemonic,green2,green
0,ai,2,Mnemonic,green3,green
0,ai,2,Mnemonic,green4,green
0,ai,2,Mnemonic,purple1,purple
0.25,ai,2,Mnemonic,purple2,purple
0.25,ai,2,Mnemonic,purple3,purple
0.25,ai,2,Mnemonic,purple4,purple
0,ai,2,Mnemonic,red1,red
0,ai,2,Mnemonic,red2,red
0,ai,2,Mnemonic,red3,red
0.25,ai,2,Mnemonic,red4,red
0.25,aj,0,Mnemonic,blue1,blue
0.5,aj,0,Mnemonic,blue2,blue
0.5,aj,0,Mnemonic,blue3,blue
0.25,aj,0,Mnemonic,blue4,blue
0.5,aj,0,Mnemonic,green1,green
0.5,aj,0,Mnemonic,green2,green
0.25,aj,0,Mnemonic,green3,green
0.5,aj,0,Mnemonic,green4,green
0.75,aj,0,Mnemonic,purple1,purple
0.75,aj,0,Mnemonic,purple2,purple
0.75,aj,0,Mnemonic,purple3,purple
0.75,aj,0,Mnemonic,purple4,purple
0.5,aj,0,Mnemonic,red1,red
0.25,aj,0,Mnemonic,red2,red
0.25,aj,0,Mnemonic,red3,red
0,aj,0,Mnemonic,red4,red
0,aj,1,Mnemonic,blue1,blue
0,aj,1,Mnemonic,blue2,blue
0,aj,1,Mnemonic,blue3,blue
0,aj,1,Mnemonic,blue4,blue
0,aj,1,Mnemonic,green1,green
0,aj,1,Mnemonic,green2,green
0,aj,1,Mnemonic,green3,green
0,aj,1,Mnemonic,green4,green
0.25,aj,1,Mnemonic,purple1,purple
0.25,aj,1,Mnemonic,purple2,purple
0.25,aj,1,Mnemonic,purple3,purple
0.25,aj,1,Mnemonic,purple4,purple
0.25,aj,1,Mnemonic,red1,red
0.25,aj,1,Mnemonic,red2,red
0.25,aj,1,Mnemonic,red3,red
0.25,aj,1,Mnemonic,red4,red
0,aj,2,Mnemonic,blue1,blue
0,aj,2,Mnemonic,blue2,blue
0,aj,2,Mnemonic,blue3,blue
0,aj,2,Mnemonic,blue4,blue
0,aj,2,Mnemonic,green1,green
0,aj,2,Mnemonic,green2,green
0,aj,2,Mnemonic,green3,green
0,aj,2,Mnemonic,green4,green
0,aj,2,Mnemonic,purple1,purple
0,aj,2,Mnemonic,purple2,purple
0,aj,2,Mnemonic,purple3,purple
0,aj,2,Mnemonic,purple4,purple
0,aj,2,Mnemonic,red1,red
0,aj,2,Mnemonic,red2,red
0,aj,2,Mnemonic,red3,red
0,aj,2,Mnemonic,red4,red
0.75,ba,0,Recall,blue1,blue
0.5,ba,0,Recall,blue2,blue
0.25,ba,0,Recall,blue3,blue
0,ba,0,Recall,blue4,blue
0.75,ba,0,Recall,green1,green
1,ba,0,Recall,green2,green
0.25,ba,0,Recall,green3,green
0.25,ba,0,Recall,green4,green
0.5,ba,0,Recall,purple1,purple
1,ba,0,Recall,purple2,purple
0.5,ba,0,Recall,purple3,purple
0.75,ba,0,Recall,purple4,purple
0,ba,0,Recall,red1,red
0,ba,0,Recall,red2,red
0.25,ba,0,Recall,red3,red
0.75,ba,0,Recall,red4,red
0.5,ba,1,Recall,blue1,blue
0.25,ba,1,Recall,blue2,blue
0.5,ba,1,Recall,blue3,blue
0.75,ba,1,Recall,blue4,blue
0.75,ba,1,Recall,green1,green
0.5,ba,1,Recall,green2,green
0.5,ba,1,Recall,green3,green
0.5,ba,1,Recall,green4,green
0.75,ba,1,Recall,purple1,purple
0.5,ba,1,Recall,purple2,purple
1,ba,1,Recall,purple3,purple
1,ba,1,Recall,purple4,purple
0,ba,1,Recall,red1,red
0.25,ba,1,Recall,red2,red
0.75,ba,1,Recall,red3,red
0.75,ba,1,Recall,red4,red
0.5,ba,2,Recall,blue1,blue
0.25,ba,2,Recall,blue2,blue
0.75,ba,2,Recall,blue3,blue
0.25,ba,2,Recall,blue4,blue
0.5,ba,2,Recall,green1,green
0,ba,2,Recall,green2,green
0,ba,2,Recall,green3,green
0.75,ba,2,Recall,green4,green
0.5,ba,2,Recall,purple1,purple
0.5,ba,2,Recall,purple2,purple
1,ba,2,Recall,purple3,purple
0.75,ba,2,Recall,purple4,purple
0,ba,2,Recall,red1,red
0.25,ba,2,Recall,red2,red
0.25,ba,2,Recall,red3,red
0.25,ba,2,Recall,red4,red
0.5,bb,0,Recall,blue1,blue
1,bb,0,Recall,blue2,blue
0.25,bb,0,Recall,blue3,blue
1,bb,0,Recall,blue4,blue
0.5,bb,0,Recall,green1,green
0,bb,0,Recall,green2,green
0.5,bb,0,Recall,green3,green
0.5,bb,0,Recall,green4,green
1,bb,0,Recall,purple1,purple
0.5,bb,0,Recall,purple2,purple
0.5,bb,0,Recall,purple3,purple
0.25,bb,0,Recall,purple4,purple
0.5,bb,0,Recall,red1,red
0.5,bb,0,Recall,red2,red
0,bb,0,Recall,red3,red
0.5,bb,0,Recall,red4,red
0.5,bb,1,Recall,blue1,blue
0.25,bb,1,Recall,blue2,blue
0.75,bb,1,Recall,blue3,blue
0.25,bb,1,Recall,blue4,blue
0,bb,1,Recall,green1,green
0.75,bb,1,Recall,green2,green
0.75,bb,1,Recall,green3,green
0.5,bb,1,Recall,green4,green
1,bb,1,Recall,purple1,purple
0.75,bb,1,Recall,purple2,purple
1,bb,1,Recall,purple3,purple
0.5,bb,1,Recall,purple4,purple
1,bb,1,Recall,red1,red
0,bb,1,Recall,red2,red
0.25,bb,1,Recall,red3,red
0.5,bb,1,Recall,red4,red
0.75,bb,2,Recall,blue1,blue
0.75,bb,2,Recall,blue2,blue
0.5,bb,2,Recall,blue3,blue
0.75,bb,2,Recall,blue4,blue
0,bb,2,Recall,green1,green
1,bb,2,Recall,green2,green
0.5,bb,2,Recall,green3,green
0.5,bb,2,Recall,green4,green
0.5,bb,2,Recall,purple1,purple
0.5,bb,2,Recall,purple2,purple
0.5,bb,2,Recall,purple3,purple
0.75,bb,2,Recall,purple4,purple
1,bb,2,Recall,red1,red
0.5,bb,2,Recall,red2,red
0.75,bb,2,Recall,red3,red
0.5,bb,2,Recall,red4,red
0.5,bc,0,Recall,blue1,blue
0,bc,0,Recall,blue2,blue
0.75,bc,0,Recall,blue3,blue
0.25,bc,0,Recall,blue4,blue
0.5,bc,0,Recall,green1,green
0.5,bc,0,Recall,green2,green
0.25,bc,0,Recall,green3,green
0.5,bc,0,Recall,green4,green
0.75,bc,0,Recall,purple1,purple
0.25,bc,0,Recall,purple2,purple
0.75,bc,0,Recall,purple3,purple
0.5,bc,0,Recall,purple4,purple
0.5,bc,0,Recall,red1,red
0,bc,0,Recall,red2,red
0.5,bc,0,Recall,red3,red
0.25,bc,0,Recall,red4,red
0.25,bc,1,Recall,blue1,blue
0.25,bc,1,Recall,blue2,blue
0.75,bc,1,Recall,blue3,blue
0.75,bc,1,Recall,blue4,blue
0.75,bc,1,Recall,green1,green
0.75,bc,1,Recall,green2,green
1,bc,1,Recall,green3,green
0.5,bc,1,Recall,green4,green
0.75,bc,1,Recall,purple1,purple
0.5,bc,1,Recall,purple2,purple
0.5,bc,1,Recall,purple3,purple
0.5,bc,1,Recall,purple4,purple
1,bc,1,Recall,red1,red
0.25,bc,1,Recall,red2,red
0.5,bc,1,Recall,red3,red
0.5,bc,1,Recall,red4,red
0.25,bc,2,Recall,blue1,blue
0.25,bc,2,Recall,blue2,blue
0.75,bc,2,Recall,blue3,blue
0,bc,2,Recall,blue4,blue
0.5,bc,2,Recall,green1,green
0.25,bc,2,Recall,green2,green
0.25,bc,2,Recall,green3,green
0.25,bc,2,Recall,green4,green
1,bc,2,Recall,purple1,purple
0.25,bc,2,Recall,purple2,purple
0.75,bc,2,Recall,purple3,purple
0.75,bc,2,Recall,purple4,purple
0.5,bc,2,Recall,red1,red
0,bc,2,Recall,red2,red
0.75,bc,2,Recall,red3,red
0.75,bc,2,Recall,red4,red
0.75,bd,0,Recall,blue1,blue
0.5,bd,0,Recall,blue2,blue
0.25,bd,0,Recall,blue3,blue
0.5,bd,0,Recall,blue4,blue
0.5,bd,0,Recall,green1,green
0,bd,0,Recall,green2,green
0.75,bd,0,Recall,green3,green
0.5,bd,0,Recall,green4,green
0.75,bd,0,Recall,purple1,purple
0.75,bd,0,Recall,purple2,purple
0.75,bd,0,Recall,purple3,purple
0.25,bd,0,Recall,purple4,purple
0.25,bd,0,Recall,red1,red
0.5,bd,0,Recall,red2,red
0.25,bd,0,Recall,red3,red
0,bd,0,Recall,red4,red
0.25,bd,1,Recall,blue1,blue
0.75,bd,1,Recall,blue2,blue
0.75,bd,1,Recall,blue3,blue
0.5,bd,1,Recall,blue4,blue
0.75,bd,1,Recall,green1,green
0.25,bd,1,Recall,green2,green
0.5,bd,1,Recall,green3,green
0.25,bd,1,Recall,green4,green
0.5,bd,1,Recall,purple1,purple
0.25,bd,1,Recall,purple2,purple
0,bd,1,Recall,purple3,purple
0.5,bd,1,Recall,purple4,purple
0.25,bd,1,Recall,red1,red
0.5,bd,1,Recall,red2,red
0.25,bd,1,Recall,red3,red
0.75,bd,1,Recall,red4,red
0.5,bd,2,Recall,blue1,blue
0.75,bd,2,Recall,blue2,blue
0,bd,2,Recall,blue3,blue
0.5,bd,2,Recall,blue4,blue
0,bd,2,Recall,green1,green
0.5,bd,2,Recall,green2,green
0.5,bd,2,Recall,green3,green
0.5,bd,2,Recall,green4,green
0.75,bd,2,Recall,purple1,purple
0.25,bd,2,Recall,purple2,purple
0.75,bd,2,Recall,purple3,purple
0.5,bd,2,Recall,purple4,purple
0.25,bd,2,Recall,red1,red
0.5,bd,2,Recall,red2,red
0.25,bd,2,Recall,red3,red
1,bd,2,Recall,red4,red
0,be,0,Recall,blue1,blue
0.25,be,0,Recall,blue2,blue
0.5,be,0,Recall,blue3,blue
0,be,0,Recall,blue4,blue
0,be,0,Recall,green1,green
0,be,0,Recall,green2,green
0,be,0,Recall,green3,green
0,be,0,Recall,green4,green
0,be,0,Recall,purple1,purple
0,be,0,Recall,purple2,purple
0.25,be,0,Recall,purple3,purple
0,be,0,Recall,purple4,purple
0,be,0,Recall,red1,red
0,be,0,Recall,red2,red
0,be,0,Recall,red3,red
0,be,0,Recall,red4,red
0,be,1,Recall,blue1,blue
0,be,1,Recall,blue2,blue
0,be,1,Recall,blue3,blue
0,be,1,Recall,blue4,blue
0,be,1,Recall,green1,green
0,be,1,Recall,green2,green
0,be,1,Recall,green3,green
0,be,1,Recall,green4,green
0,be,1,Recall,purple1,purple
0,be,1,Recall,purple2,purple
0,be,1,Recall,purple3,purple
0,be,1,Recall,purple4,purple
0,be,1,Recall,red1,red
0.25,be,1,Recall,red2,red
0,be,1,Recall,red3,red
0,be,1,Recall,red4,red
0,be,2,Recall,blue1,blue
0.25,be,2,Recall,blue2,blue
0,be,2,Recall,blue3,blue
0,be,2,Recall,blue4,blue
0,be,2,Recall,green1,green
0,be,2,Recall,green2,green
0,be,2,Recall,green3,green
0,be,2,Recall,green4,green
0,be,2,Recall,purple1,purple
0,be,2,Recall,purple2,purple
0,be,2,Recall,purple3,purple
0,be,2,Recall,purple4,purple
0,be,2,Recall,red1,red
0,be,2,Recall,red2,red
0,be,2,Recall,red3,red
0,be,2,Recall,red4,red
0,bf,0,Recall,blue1,blue
0,bf,0,Recall,blue2,blue
0,bf,0,Recall,blue3,blue
0,bf,0,Recall,blue4,blue
1,bf,0,Recall,green1,green
0.5,bf,0,Recall,green2,green
0.75,bf,0,Recall,green3,green
0,bf,0,Recall,green4,green
0,bf,0,Recall,purple1,purple
1,bf,0,Recall,purple2,purple
1,bf,0,Recall,purple3,purple
0.5,bf,0,Recall,purple4,purple
0,bf,0,Recall,red1,red
0.75,bf,0,Recall,red2,red
0.75,bf,0,Recall,red3,red
0.5,bf,0,Recall,red4,red
0,bf,1,Recall,blue1,blue
0,bf,1,Recall,blue2,blue
0,bf,1,Recall,blue3,blue
0,bf,1,Recall,blue4,blue
0.5,bf,1,Recall,green1,green
0,bf,1,Recall,green2,green
0.5,bf,1,Recall,green3,green
0,bf,1,Recall,green4,green
0.5,bf,1,Recall,purple1,purple
0,bf,1,Recall,purple2,purple
0,bf,1,Recall,purple3,purple
0,bf,1,Recall,purple4,purple
0,bf,1,Recall,red1,red
0,bf,1,Recall,red2,red
0,bf,1,Recall,red3,red
0,bf,1,Recall,red4,red
0,bf,2,Recall,blue1,blue
0,bf,2,Recall,blue2,blue
0,bf,2,Recall,blue3,blue
0.5,bf,2,Recall,blue4,blue
0.25,bf,2,Recall,green1,green
0.25,bf,2,Recall,green2,green
0,bf,2,Recall,green3,green
0.5,bf,2,Recall,green4,green
0,bf,2,Recall,purple1,purple
0,bf,2,Recall,purple2,purple
0,bf,2,Recall,purple3,purple
0.5,bf,2,Recall,purple4,purple
0,bf,2,Recall,red1,red
0,bf,2,Recall,red2,red
0,bf,2,Recall,red3,red
0.5,bf,2,Recall,red4,red
0.25,bg,0,Recall,blue1,blue
0.5,bg,0,Recall,blue2,blue
0.25,bg,0,Recall,blue3,blue
0,bg,0,Recall,blue4,blue
0,bg,0,Recall,green1,green
0.5,bg,0,Recall,green2,green
0.75,bg,0,Recall,green3,green
0.75,bg,0,Recall,green4,green
0.25,bg,0,Recall,purple1,purple
0.25,bg,0,Recall,purple2,purple
1,bg,0,Recall,purple3,purple
0.5,bg,0,Recall,purple4,purple
0.25,bg,0,Recall,red1,red
0.25,bg,0,Recall,red2,red
0,bg,0,Recall,red3,red
0,bg,0,Recall,red4,red
0.75,bg,1,Recall,blue1,blue
0.75,bg,1,Recall,blue2,blue
0.25,bg,1,Recall,blue3,blue
0.5,bg,1,Recall,blue4,blue
0.5,bg,1,Recall,green1,green
0.5,bg,1,Recall,green2,green
0.5,bg,1,Recall,green3,green
0.5,bg,1,Recall,green4,green
0.5,bg,1,Recall,purple1,purple
0.5,bg,1,Recall,purple2,purple
0.5,bg,1,Recall,purple3,purple
0.25,bg,1,Recall,purple4,purple
0.25,bg,1,Recall,red1,red
1,bg,1,Recall,red2,red
0.25,bg,1,Recall,red3,red
0.5,bg,1,Recall,red4,red
0.75,bg,2,Recall,blue1,blue
1,bg,2,Recall,blue2,blue
0.5,bg,2,Recall,blue3,blue
0.5,bg,2,Recall,blue4,blue
0.25,bg,2,Recall,green1,green
0.75,bg,2,Recall,green2,green
0.25,bg,2,Recall,green3,green
0.75,bg,2,Recall,green4,green
0.75,bg,2,Recall,purple1,purple
0.5,bg,2,Recall,purple2,purple
0.5,bg,2,Recall,purple3,purple
0.5,bg,2,Recall,purple4,purple
0.5,bg,2,Recall,red1,red
0.75,bg,2,Recall,red2,red
0,bg,2,Recall,red3,red
0.25,bg,2,Recall,red4,red
0,bh,0,Recall,blue1,blue
0,bh,0,Recall,blue2,blue
0,bh,0,Recall,blue3,blue
0,bh,0,Recall,blue4,blue
0,bh,0,Recall,green1,green
0.25,bh,0,Recall,green2,green
0.25,bh,0,Recall,green3,green
0.25,bh,0,Recall,green4,green
0,bh,0,Recall,purple1,purple
0,bh,0,Recall,purple2,purple
0.25,bh,0,Recall,purple3,purple
0,bh,0,Recall,purple4,purple
0,bh,0,Recall,red1,red
0,bh,0,Recall,red2,red
0,bh,0,Recall,red3,red
0,bh,0,Recall,red4,red
0,bh,1,Recall,blue1,blue
0,bh,1,Recall,blue2,blue
0,bh,1,Recall,blue3,blue
0,bh,1,Recall,blue4,blue
0,bh,1,Recall,green1,green
0,bh,1,Recall,green2,green
0,bh,1,Recall,green3,green
0,bh,1,Recall,green4,green
0,bh,1,Recall,purple1,purple
0,bh,1,Recall,purple2,purple
0.25,bh,1,Recall,purple3,purple
0,bh,1,Recall,purple4,purple
0,bh,1,Recall,red1,red
0,bh,1,Recall,red2,red
0.5,bh,1,Recall,red3,red
0,bh,1,Recall,red4,red
0,bh,2,Recall,blue1,blue
0,bh,2,Recall,blue2,blue
0,bh,2,Recall,blue3,blue
0,bh,2,Recall,blue4,blue
0,bh,2,Recall,green1,green
0,bh,2,Recall,green2,green
0,bh,2,Recall,green3,green
0,bh,2,Recall,green4,green
0,bh,2,Recall,purple1,purple
0,bh,2,Recall,purple2,purple
0,bh,2,Recall,purple3,purple
0,bh,2,Recall,purple4,purple
0,bh,2,Recall,red1,red
0,bh,2,Recall,red2,red
0.5,bh,2,Recall,red3,red
0,bh,2,Recall,red4,red
0.75,bi,0,Recall,blue1,blue
0.5,bi,0,Recall,blue2,blue
0.75,bi,0,Recall,blue3,blue
1,bi,0,Recall,blue4,blue
0.75,bi,0,Recall,green1,green
1,bi,0,Recall,green2,green
1,bi,0,Recall,green3,green
0.5,bi,0,Recall,green4,green
0.5,bi,0,Recall,purple1,purple
0.75,bi,0,Recall,purple2,purple
0.25,bi,0,Recall,purple3,purple
0.75,bi,0,Recall,purple4,purple
0.5,bi,0,Recall,red1,red
0.75,bi,0,Recall,red2,red
0.75,bi,0,Recall,red3,red
0.75,bi,0,Recall,red4,red
0.5,bi,1,Recall,blue1,blue
0.75,bi,1,Recall,blue2,blue
1,bi,1,Recall,blue3,blue
1,bi,1,Recall,blue4,blue
0.25,bi,1,Recall,green1,green
0,bi,1,Recall,green2,green
0.75,bi,1,Recall,green3,green
0.5,bi,1,Recall,green4,green
0.25,bi,1,Recall,purple1,purple
0.75,bi,1,Recall,purple2,purple
0.25,bi,1,Recall,purple3,purple
0.75,bi,1,Recall,purple4,purple
1,bi,1,Recall,red1,red
0.75,bi,1,Recall,red2,red
0.75,bi,1,Recall,red3,red
0.75,bi,1,Recall,red4,red
0.75,bi,2,Recall,blue1,blue
0,bi,2,Recall,blue2,blue
1,bi,2,Recall,blue3,blue
0.5,bi,2,Recall,blue4,blue
1,bi,2,Recall,green1,green
0.75,bi,2,Recall,green2,green
0.25,bi,2,Recall,green3,green
0.25,bi,2,Recall,green4,green
0.5,bi,2,Recall,purple1,purple
0.5,bi,2,Recall,purple2,purple
0.75,bi,2,Recall,purple3,purple
0.5,bi,2,Recall,purple4,purple
0.25,bi,2,Recall,red1,red
0.25,bi,2,Recall,red2,red
0.25,bi,2,Recall,red3,red
1,bi,2,Recall,red4,red
0.25,bj,0,Recall,blue1,blue
0.5,bj,0,Recall,blue2,blue
0,bj,0,Recall,blue3,blue
0.5,bj,0,Recall,blue4,blue
0,bj,0,Recall,green1,green
0,bj,0,Recall,green2,green
0.75,bj,0,Recall,green3,green
0.25,bj,0,Recall,green4,green
0.5,bj,0,Recall,purple1,purple
1,bj,0,Recall,purple2,purple
0.25,bj,0,Recall,purple3,purple
0.5,bj,0,Recall,purple4,purple
0.25,bj,0,Recall,red1,red
0.25,bj,0,Recall,red2,red
0.5,bj,0,Recall,red3,red
1,bj,0,Recall,red4,red
0.25,bj,1,Recall,blue1,blue
0.5,bj,1,Recall,blue2,blue
0.25,bj,1,Recall,blue3,blue
0.75,bj,1,Recall,blue4,blue
0.5,bj,1,Recall,green1,green
0.75,bj,1,Recall,green2,green
0.25,bj,1,Recall,green3,green
0,bj,1,Recall,green4,green
0.5,bj,1,Recall,purple1,purple
0.75,bj,1,Recall,purple2,purple
0.75,bj,1,Recall,purple3,purple
0,bj,1,Recall,purple4,purple
0.25,bj,1,Recall,red1,red
0,bj,1,Recall,red2,red
0.5,bj,1,Recall,red3,red
0.75,bj,1,Recall,red4,red
0.25,bj,2,Recall,blue1,blue
0.75,bj,2,Recall,blue2,blue
0,bj,2,Recall,blue3,blue
0.5,bj,2,Recall,blue4,blue
0.25,bj,2,Recall,green1,green
0.5,bj,2,Recall,green2,green
0,bj,2,Recall,green3,green
0.75,bj,2,Recall,green4,green
0,bj,2,Recall,purple1,purple
0.5,bj,2,Recall,purple2,purple
0.5,bj,2,Recall,purple3,purple
0.25,bj,2,Recall,purple4,purple
0.5,bj,2,Recall,red1,red
0.25,bj,2,Recall,red2,red
0.5,bj,2,Recall,red3,red
0.25,bj,2,Recall,red4,red
0.25,ca,0,Correspondence,blue1,blue
0,ca,0,Correspondence,blue2,blue
0,ca,0,Correspondence,blue3,blue
0.25,ca,0,Correspondence,blue4,blue
0.75,ca,0,Correspondence,green1,green
0.75,ca,0,Correspondence,green2,green
0,ca,0,Correspondence,green3,green
0.25,ca,0,Correspondence,green4,green
0,ca,0,Correspondence,purple1,purple
0.5,ca,0,Correspondence,purple2,purple
0.5,ca,0,Correspondence,purple3,purple
0,ca,0,Correspondence,purple4,purple
0,ca,0,Correspondence,red1,red
0,ca,0,Correspondence,red2,red
0,ca,0,Correspondence,red3,red
0.5,ca,0,Correspondence,red4,red
0,ca,1,Correspondence,blue1,blue
0,ca,1,Correspondence,blue2,blue
0,ca,1,Correspondence,blue3,blue
0.25,ca,1,Correspondence,blue4,blue
0.5,ca,1,Correspondence,green1,green
0.25,ca,1,Correspondence,green2,green
0,ca,1,Correspondence,green3,green
0,ca,1,Correspondence,green4,green
0,ca,1,Correspondence,purple1,purple
0,ca,1,Correspondence,purple2,purple
0,ca,1,Correspondence,purple3,purple
0,ca,1,Correspondence,purple4,purple
0,ca,1,Correspondence,red1,red
0,ca,1,Correspondence,red2,red
0,ca,1,Correspondence,red3,red
0.5,ca,1,Correspondence,red4,red
0,ca,2,Correspondence,blue1,blue
0.5,ca,2,Correspondence,blue2,blue
0,ca,2,Correspondence,blue3,blue
0,ca,2,Correspondence,blue4,blue
0.75,ca,2,Correspondence,green1,green
0,ca,2,Correspondence,green2,green
0.25,ca,2,Correspondence,green3,green
0,ca,2,Correspondence,green4,green
0,ca,2,Correspondence,purple1,purple
0,ca,2,Correspondence,purple2,purple
0.5,ca,2,Correspondence,purple3,purple
0,ca,2,Correspondence,purple4,purple
0,ca,2,Correspondence,red1,red
0,ca,2,Correspondence,red2,red
0,ca,2,Correspondence,red3,red
0,ca,2,Correspondence,red4,red
0,cb,0,Correspondence,blue1,blue
0,cb,0,Correspondence,blue2,blue
0,cb,0,Correspondence,blue3,blue
0.5,cb,0,Correspondence,blue4,blue
0,cb,0,Correspondence,green1,green
0.75,cb,0,Correspondence,green2,green
0.5,cb,0,Correspondence,green3,green
0.75,cb,0,Correspondence,green4,green
0.75,cb,0,Correspondence,purple1,purple
0.5,cb,0,Correspondence,purple2,purple
0.75,cb,0,Correspondence,purple3,purple
0.25,cb,0,Correspondence,purple4,purple
0.25,cb,0,Correspondence,red1,red
0.75,cb,0,Correspondence,red2,red
1,cb,0,Correspondence,red3,red
0.75,cb,0,Correspondence,red4,red
0,cb,1,Correspondence,blue1,blue
0,cb,1,Correspondence,blue2,blue
0,cb,1,Correspondence,blue3,blue
0,cb,1,Correspondence,blue4,blue
0.25,cb,1,Correspondence,green1,green
0.75,cb,1,Correspondence,green2,green
0.5,cb,1,Correspondence,green3,green
0.5,cb,1,Correspondence,green4,green
1,cb,1,Correspondence,purple1,purple
0,cb,1,Correspondence,purple2,purple
0.75,cb,1,Correspondence,purple3,purple
0.75,cb,1,Correspondence,purple4,purple
0.5,cb,1,Correspondence,red1,red
0.75,cb,1,Correspondence,red2,red
1,cb,1,Correspondence,red3,red
1,cb,1,Correspondence,red4,red
0,cb,2,Correspondence,blue1,blue
0,cb,2,Correspondence,blue2,blue
0,cb,2,Correspondence,blue3,blue
0,cb,2,Correspondence,blue4,blue
0,cb,2,Correspondence,green1,green
0.75,cb,2,Correspondence,green2,green
0,cb,2,Correspondence,green3,green
0.5,cb,2,Correspondence,green4,green
1,cb,2,Correspondence,purple1,purple
0.75,cb,2,Correspondence,purple2,purple
0,cb,2,Correspondence,purple3,purple
0.5,cb,2,Correspondence,purple4,purple
0,cb,2,Correspondence,red1,red
0.75,cb,2,Correspondence,red2,red
0.75,cb,2,Correspondence,red3,red
0.75,cb,2,Correspondence,red4,red
0.25,cc,0,Correspondence,blue1,blue
0.75,cc,0,Correspondence,blue2,blue
0.5,cc,0,Correspondence,blue3,blue
0.5,cc,0,Correspondence,blue4,blue
1,cc,0,Correspondence,green1,green
0.25,cc,0,Correspondence,green2,green
0.5,cc,0,Correspondence,green3,green
0,cc,0,Correspondence,green4,green
0.5,cc,0,Correspondence,purple1,purple
0,cc,0,Correspondence,purple2,purple
0.75,cc,0,Correspondence,purple3,purple
0,cc,0,Correspondence,purple4,purple
0.5,cc,0,Correspondence,red1,red
0.25,cc,0,Correspondence,red2,red
0.25,cc,0,Correspondence,red3,red
0.75,cc,0,Correspondence,red4,red
0.25,cc,1,Correspondence,blue1,blue
0.25,cc,1,Correspondence,blue2,blue
0.25,cc,1,Correspondence,blue3,blue
0.25,cc,1,Correspondence,blue4,blue
0.25,cc,1,Correspondence,green1,green
0,cc,1,Correspondence,green2,green
0,cc,1,Correspondence,green3,green
0,cc,1,Correspondence,green4,green
0.25,cc,1,Correspondence,purple1,purple
0,cc,1,Correspondence,purple2,purple
0.75,cc,1,Correspondence,purple3,purple
0.75,cc,1,Correspondence,purple4,purple
0,cc,1,Correspondence,red1,red
0,cc,1,Correspondence,red2,red
0.25,cc,1,Correspondence,red3,red
0,cc,1,Correspondence,red4,red
0.25,cc,2,Correspondence,blue1,blue
0.5,cc,2,Correspondence,blue2,blue
0.5,cc,2,Correspondence,blue3,blue
0.25,cc,2,Correspondence,blue4,blue
0,cc,2,Correspondence,green1,green
0,cc,2,Correspondence,green2,green
0.25,cc,2,Correspondence,green3,green
0.25,cc,2,Correspondence,green4,green
0.5,cc,2,Correspondence,purple1,purple
0.25,cc,2,Correspondence,purple2,purple
0.5,cc,2,Correspondence,purple3,purple
0.25,cc,2,Correspondence,purple4,purple
0.25,cc,2,Correspondence,red1,red
0.25,cc,2,Correspondence,red2,red
0,cc,2,Correspondence,red3,red
0.25,cc,2,Correspondence,red4,red
0,cd,0,Correspondence,blue1,blue
0,cd,0,Correspondence,blue2,blue
0.75,cd,0,Correspondence,blue3,blue
0.75,cd,0,Correspondence,blue4,blue
0.5,cd,0,Correspondence,green1,green
0,cd,0,Correspondence,green2,green
0.5,cd,0,Correspondence,green3,green
0.5,cd,0,Correspondence,green4,green
0,cd,0,Correspondence,purple1,purple
0,cd,0,Correspondence,purple2,purple
0.25,cd,0,Correspondence,purple3,purple
1,cd,0,Correspondence,purple4,purple
0,cd,0,Correspondence,red1,red
0,cd,0,Correspondence,red2,red
0.25,cd,0,Correspondence,red3,red
0.5,cd,0,Correspondence,red4,red
0,cd,1,Correspondence,blue1,blue
0,cd,1,Correspondence,blue2,blue
0.75,cd,1,Correspondence,blue3,blue
0.25,cd,1,Correspondence,blue4,blue
0.25,cd,1,Correspondence,green1,green
0,cd,1,Correspondence,green2,green
0,cd,1,Correspondence,green3,green
0.75,cd,1,Correspondence,green4,green
0.25,cd,1,Correspondence,purple1,purple
0,cd,1,Correspondence,purple2,purple
0.5,cd,1,Correspondence,purple3,purple
1,cd,1,Correspondence,purple4,purple
0,cd,1,Correspondence,red1,red
0,cd,1,Correspondence,red2,red
0,cd,1,Correspondence,red3,red
0.25,cd,1,Correspondence,red4,red
0,cd,2,Correspondence,blue1,blue
0,cd,2,Correspondence,blue2,blue
0,cd,2,Correspondence,blue3,blue
0,cd,2,Correspondence,blue4,blue
0,cd,2,Correspondence,green1,green
0,cd,2,Correspondence,green2,green
0,cd,2,Correspondence,green3,green
0,cd,2,Correspondence,green4,green
0,cd,2,Correspondence,purple1,purple
0,cd,2,Correspondence,purple2,purple
0,cd,2,Correspondence,purple3,purple
0,cd,2,Correspondence,purple4,purple
0,cd,2,Correspondence,red1,red
0,cd,2,Correspondence,red2,red
0,cd,2,Correspondence,red3,red
0,cd,2,Correspondence,red4,red
0.5,ce,0,Correspondence,blue1,blue
0,ce,0,Correspondence,blue2,blue
0.25,ce,0,Correspondence,blue3,blue
0.25,ce,0,Correspondence,blue4,blue
0,ce,0,Correspondence,green1,green
0,ce,0,Correspondence,green2,green
0.5,ce,0,Correspondence,green3,green
1,ce,0,Correspondence,green4,green
0.5,ce,0,Correspondence,purple1,purple
0.75,ce,0,Correspondence,purple2,purple
0,ce,0,Correspondence,purple3,purple
0.5,ce,0,Correspondence,purple4,purple
1,ce,0,Correspondence,red1,red
0,ce,0,Correspondence,red2,red
0.5,ce,0,Correspondence,red3,red
0.5,ce,0,Correspondence,red4,red
0.5,ce,1,Correspondence,blue1,blue
0.25,ce,1,Correspondence,blue2,blue
0.5,ce,1,Correspondence,blue3,blue
0.25,ce,1,Correspondence,blue4,blue
0.5,ce,1,Correspondence,green1,green
0.75,ce,1,Correspondence,green2,green
0.5,ce,1,Correspondence,green3,green
0.75,ce,1,Correspondence,green4,green
0,ce,1,Correspondence,purple1,purple
0.75,ce,1,Correspondence,purple2,purple
0.75,ce,1,Correspondence,purple3,purple
0.25,ce,1,Correspondence,purple4,purple
0,ce,1,Correspondence,red1,red
0.25,ce,1,Correspondence,red2,red
0.25,ce,1,Correspondence,red3,red
0.5,ce,1,Correspondence,red4,red
0.5,ce,2,Correspondence,blue1,blue
0,ce,2,Correspondence,blue2,blue
0.25,ce,2,Correspondence,blue3,blue
0.5,ce,2,Correspondence,blue4,blue
0.25,ce,2,Correspondence,green1,green
0.75,ce,2,Correspondence,green2,green
0.25,ce,2,Correspondence,green3,green
0.25,ce,2,Correspondence,green4,green
0.75,ce,2,Correspondence,purple1,purple
0.75,ce,2,Correspondence,purple2,purple
1,ce,2,Correspondence,purple3,purple
0.5,ce,2,Correspondence,purple4,purple
0.25,ce,2,Correspondence,red1,red
0.5,ce,2,Correspondence,red2,red
0.25,ce,2,Correspondence,red3,red
0,ce,2,Correspondence,red4,red
0,cf,0,Correspondence,blue1,blue
0,cf,0,Correspondence,blue2,blue
0.75,cf,0,Correspondence,blue3,blue
0,cf,0,Correspondence,blue4,blue
0.5,cf,0,Correspondence,green1,green
0.5,cf,0,Correspondence,green2,green
0.5,cf,0,Correspondence,green3,green
0.5,cf,0,Correspondence,green4,green
0.5,cf,0,Correspondence,purple1,purple
1,cf,0,Correspondence,purple2,purple
0.25,cf,0,Correspondence,purple3,purple
0.5,cf,0,Correspondence,purple4,purple
0.5,cf,0,Correspondence,red1,red
0.5,cf,0,Correspondence,red2,red
0.25,cf,0,Correspondence,red3,red
0,cf,0,Correspondence,red4,red
0,cf,1,Correspondence,blue1,blue
0,cf,1,Correspondence,blue2,blue
0.25,cf,1,Correspondence,blue3,blue
0,cf,1,Correspondence,blue4,blue
0.25,cf,1,Correspondence,green1,green
0.5,cf,1,Correspondence,green2,green
0.5,cf,1,Correspondence,green3,green
0.5,cf,1,Correspondence,green4,green
0.25,cf,1,Correspondence,purple1,purple
0.25,cf,1,Correspondence,purple2,purple
0,cf,1,Correspondence,purple3,purple
0.25,cf,1,Correspondence,purple4,purple
0.25,cf,1,Correspondence,red1,red
0,cf,1,Correspondence,red2,red
0.25,cf,1,Correspondence,red3,red
0,cf,1,Correspondence,red4,red
0,cf,2,Correspondence,blue1,blue
0,cf,2,Correspondence,blue2,blue
0,cf,2,Correspondence,blue3,blue
0,cf,2,Correspondence,blue4,blue
0.25,cf,2,Correspondence,green1,green
0.75,cf,2,Correspondence,green2,green
0.25,cf,2,Correspondence,green3,green
0,cf,2,Correspondence,green4,green
0.25,cf,2,Correspondence,purple1,purple
0.25,cf,2,Correspondence,purple2,purple
0,cf,2,Correspondence,purple3,purple
0.25,cf,2,Correspondence,purple4,purple
0.25,cf,2,Correspondence,red1,red
0,cf,2,Correspondence,red2,red
0,cf,2,Correspondence,red3,red
0,cf,2,Correspondence,red4,red
0.5,cg,0,Correspondence,blue1,blue
0.75,cg,0,Correspondence,blue2,blue
0.25,cg,0,Correspondence,blue3,blue
0.25,cg,0,Correspondence,blue4,blue
0.5,cg,0,Correspondence,green1,green
0.25,cg,0,Correspondence,green2,green
0.75,cg,0,Correspondence,green3,green
0,cg,0,Correspondence,green4,green
0.5,cg,0,Correspondence,purple1,purple
0.75,cg,0,Correspondence,purple2,purple
0.5,cg,0,Correspondence,purple3,purple
0.75,cg,0,Correspondence,purple4,purple
1,cg,0,Correspondence,red1,red
1,cg,0,Correspondence,red2,red
0.25,cg,0,Correspondence,red3,red
0.5,cg,0,Correspondence,red4,red
0.5,cg,1,Correspondence,blue1,blue
0.5,cg,1,Correspondence,blue2,blue
0,cg,1,Correspondence,blue3,blue
0.5,cg,1,Correspondence,blue4,blue
0,cg,1,Correspondence,green1,green
0,cg,1,Correspondence,green2,green
0.25,cg,1,Correspondence,green3,green
0.25,cg,1,Correspondence,green4,green
0.5,cg,1,Correspondence,purple1,purple
0,cg,1,Correspondence,purple2,purple
0.75,cg,1,Correspondence,purple3,purple
0.25,cg,1,Correspondence,purple4,purple
0.75,cg,1,Correspondence,red1,red
0.75,cg,1,Correspondence,red2,red
0.75,cg,1,Correspondence,red3,red
0.25,cg,1,Correspondence,red4,red
0.25,cg,2,Correspondence,blue1,blue
0.25,cg,2,Correspondence,blue2,blue
0.5,cg,2,Correspondence,blue3,blue
0.25,cg,2,Correspondence,blue4,blue
0.25,cg,2,Correspondence,green1,green
0.5,cg,2,Correspondence,green2,green
0.75,cg,2,Correspondence,green3,green
0.25,cg,2,Correspondence,green4,green
0.25,cg,2,Correspondence,purple1,purple
0.5,cg,2,Correspondence,purple2,purple
0.25,cg,2,Correspondence,purple3,purple
0.75,cg,2,Correspondence,purple4,purple
0.5,cg,2,Correspondence,red1,red
0.5,cg,2,Correspondence,red2,red
0.5,cg,2,Correspondence,red3,red
0.75,cg,2,Correspondence,red4,red
0.75,ch,0,Correspondence,blue1,blue
1,ch,0,Correspondence,blue2,blue
0.5,ch,0,Correspondence,blue3,blue
0.5,ch,0,Correspondence,blue4,blue
0.75,ch,0,Correspondence,green1,green
0.5,ch,0,Correspondence,green2,green
1,ch,0,Correspondence,green3,green
0.75,ch,0,Correspondence,green4,green
0.25,ch,0,Correspondence,purple1,purple
0.25,ch,0,Correspondence,purple2,purple
0.25,ch,0,Correspondence,purple3,purple
0.25,ch,0,Correspondence,purple4,purple
0,ch,0,Correspondence,red1,red
0,ch,0,Correspondence,red2,red
0.75,ch,0,Correspondence,red3,red
0.25,ch,0,Correspondence,red4,red
0.75,ch,1,Correspondence,blue1,blue
0.25,ch,1,Correspondence,blue2,blue
0.5,ch,1,Correspondence,blue3,blue
0.25,ch,1,Correspondence,blue4,blue
0.75,ch,1,Correspondence,green1,green
0.5,ch,1,Correspondence,green2,green
0,ch,1,Correspondence,green3,green
0,ch,1,Correspondence,green4,green
0.25,ch,1,Correspondence,purple1,purple
0.25,ch,1,Correspondence,purple2,purple
0.5,ch,1,Correspondence,purple3,purple
1,ch,1,Correspondence,purple4,purple
0,ch,1,Correspondence,red1,red
0,ch,1,Correspondence,red2,red
0.25,ch,1,Correspondence,red3,red
0,ch,1,Correspondence,red4,red
0,ch,2,Correspondence,blue1,blue
0,ch,2,Correspondence,blue2,blue
0,ch,2,Correspondence,blue3,blue
0.5,ch,2,Correspondence,blue4,blue
0,ch,2,Correspondence,green1,green
0.25,ch,2,Correspondence,green2,green
0,ch,2,Correspondence,green3,green
0,ch,2,Correspondence,green4,green
0,ch,2,Correspondence,purple1,purple
0.25,ch,2,Correspondence,purple2,purple
0,ch,2,Correspondence,purple3,purple
0.25,ch,2,Correspondence,purple4,purple
0.25,ch,2,Correspondence,red1,red
0,ch,2,Correspondence,red2,red
0.25,ch,2,Correspondence,red3,red
0.5,ch,2,Correspondence,red4,red
0.25,ci,0,Correspondence,blue1,blue
0.25,ci,0,Correspondence,blue2,blue
0.75,ci,0,Correspondence,blue3,blue
0.5,ci,0,Correspondence,blue4,blue
0,ci,0,Correspondence,green1,green
0.75,ci,0,Correspondence,green2,green
0.75,ci,0,Correspondence,green3,green
0.5,ci,0,Correspondence,green4,green
0.75,ci,0,Correspondence,purple1,purple
0.25,ci,0,Correspondence,purple2,purple
0,ci,0,Correspondence,purple3,purple
0.5,ci,0,Correspondence,purple4,purple
0,ci,0,Correspondence,red1,red
0,ci,0,Correspondence,red2,red
0,ci,0,Correspondence,red3,red
0,ci,0,Correspondence,red4,red
0,ci,1,Correspondence,blue1,blue
0.5,ci,1,Correspondence,blue2,blue
0.25,ci,1,Correspondence,blue3,blue
0.75,ci,1,Correspondence,blue4,blue
0,ci,1,Correspondence,green1,green
0.75,ci,1,Correspondence,green2,green
0,ci,1,Correspondence,green3,green
0.5,ci,1,Correspondence,green4,green
0,ci,1,Correspondence,purple1,purple
0,ci,1,Correspondence,purple2,purple
0,ci,1,Correspondence,purple3,purple
0,ci,1,Correspondence,purple4,purple
0,ci,1,Correspondence,red1,red
0,ci,1,Correspondence,red2,red
0,ci,1,Correspondence,red3,red
0,ci,1,Correspondence,red4,red
0.25,ci,2,Correspondence,blue1,blue
0,ci,2,Correspondence,blue2,blue
0,ci,2,Correspondence,blue3,blue
0,ci,2,Correspondence,blue4,blue
0,ci,2,Correspondence,green1,green
0,ci,2,Correspondence,green2,green
0,ci,2,Correspondence,green3,green
0,ci,2,Correspondence,green4,green
0,ci,2,Correspondence,purple1,purple
0,ci,2,Correspondence,purple2,purple
0,ci,2,Correspondence,purple3,purple
0,ci,2,Correspondence,purple4,purple
0,ci,2,Correspondence,red1,red
0,ci,2,Correspondence,red2,red
0,ci,2,Correspondence,red3,red
0,ci,2,Correspondence,red4,red
0.75,cj,0,Correspondence,blue1,blue
0.75,cj,0,Correspondence,blue2,blue
0.5,cj,0,Correspondence,blue3,blue
0,cj,0,Correspondence,blue4,blue
0,cj,0,Correspondence,green1,green
0.5,cj,0,Correspondence,green2,green
0.75,cj,0,Correspondence,green3,green
0.25,cj,0,Correspondence,green4,green
0.25,cj,0,Correspondence,purple1,purple
0.25,cj,0,Correspondence,purple2,purple
0.75,cj,0,Correspondence,purple3,purple
0.25,cj,0,Correspondence,purple4,purple
0.5,cj,0,Correspondence,red1,red
0,cj,0,Correspondence,red2,red
0.5,cj,0,Correspondence,red3,red
0,cj,0,Correspondence,red4,red
0.5,cj,1,Correspondence,blue1,blue
0.75,cj,1,Correspondence,blue2,blue
0.5,cj,1,Correspondence,blue3,blue
0,cj,1,Correspondence,blue4,blue
0,cj,1,Correspondence,green1,green
0.75,cj,1,Correspondence,green2,green
0.5,cj,1,Correspondence,green3,green
0,cj,1,Correspondence,green4,green
0,cj,1,Correspondence,purple1,purple
0.5,cj,1,Correspondence,purple2,purple
0.25,cj,1,Correspondence,purple3,purple
0,cj,1,Correspondence,purple4,purple
0.5,cj,1,Correspondence,red1,red
0,cj,1,Correspondence,red2,red
0,cj,1,Correspondence,red3,red
0.25,cj,1,Correspondence,red4,red
0,cj,2,Correspondence,blue1,blue
0,cj,2,Correspondence,blue2,blue
0,cj,2,Correspondence,blue3,blue
0,cj,2,Correspondence,blue4,blue
0,cj,2,Correspondence,green1,green
0.25,cj,2,Correspondence,green2,green
0,cj,2,Correspondence,green3,green
0.25,cj,2,Correspondence,green4,green
0.25,cj,2,Correspondence,purple1,purple
0.5,cj,2,Correspondence,purple2,purple
0.5,cj,2,Correspondence,purple3,purple
0,cj,2,Correspondence,purple4,purple
0,cj,2,Correspondence,red1,red
0.5,cj,2,Correspondence,red2,red
0,cj,2,Correspondence,red3,red
0.25,cj,2,Correspondence,red4,red
0.5,ck,0,Correspondence,blue1,blue
0,ck,0,Correspondence,blue2,blue
0.25,ck,0,Correspondence,blue3,blue
0.5,ck,0,Correspondence,blue4,blue
1,ck,0,Correspondence,green1,green
0.5,ck,0,Correspondence,green2,green
0.5,ck,0,Correspondence,green3,green
0.25,ck,0,Correspondence,green4,green
0.25,ck,0,Correspondence,purple1,purple
0.5,ck,0,Correspondence,purple2,purple
0.5,ck,0,Correspondence,purple3,purple
0.5,ck,0,Correspondence,purple4,purple
0,ck,0,Correspondence,red1,red
0,ck,0,Correspondence,red2,red
0.25,ck,0,Correspondence,red3,red
0,ck,0,Correspondence,red4,red
0,ck,1,Correspondence,blue1,blue
0,ck,1,Correspondence,blue2,blue
0.25,ck,1,Correspondence,blue3,blue
0,ck,1,Correspondence,blue4,blue
0.25,ck,1,Correspondence,green1,green
0.5,ck,1,Correspondence,green2,green
0.75,ck,1,Correspondence,green3,green
0.25,ck,1,Correspondence,green4,green
0,ck,1,Correspondence,purple1,purple
0,ck,1,Correspondence,purple2,purple
0.25,ck,1,Correspondence,purple3,purple
0.5,ck,1,Correspondence,purple4,purple
0.25,ck,1,Correspondence,red1,red
0,ck,1,Correspondence,red2,red
0.5,ck,1,Correspondence,red3,red
0,ck,1,Correspondence,red4,red
0,ck,2,Correspondence,blue1,blue
0,ck,2,Correspondence,blue2,blue
0,ck,2,Correspondence,blue3,blue
0,ck,2,Correspondence,blue4,blue
0,ck,2,Correspondence,green1,green
0.25,ck,2,Correspondence,green2,green
0,ck,2,Correspondence,green3,green
0.25,ck,2,Correspondence,green4,green
0.5,ck,2,Correspondence,purple1,purple
0,ck,2,Correspondence,purple2,purple
0.25,ck,2,Correspondence,purple3,purple
0.25,ck,2,Correspondence,purple4,purple
0,ck,2,Correspondence,red1,red
0,ck,2,Correspondence,red2,red
0.5,ck,2,Correspondence,red3,red
0.75,ck,2,Correspondence,red4,red
0.5,db,0,Dialogue,blue1,blue
0,db,0,Dialogue,blue2,blue
0,db,0,Dialogue,blue3,blue
0.25,db,0,Dialogue,blue4,blue
0,db,0,Dialogue,green1,green
0.5,db,0,Dialogue,green2,green
0,db,0,Dialogue,green3,green
0,db,0,Dialogue,green4,green
0,db,0,Dialogue,purple1,purple
0,db,0,Dialogue,purple2,purple
0.25,db,0,Dialogue,purple3,purple
0.25,db,0,Dialogue,purple4,purple
0,db,0,Dialogue,red1,red
0.5,db,0,Dialogue,red2,red
0.25,db,0,Dialogue,red3,red
0,db,0,Dialogue,red4,red
0,db,1,Dialogue,blue1,blue
0,db,1,Dialogue,blue2,blue
0,db,1,Dialogue,blue3,blue
0,db,1,Dialogue,blue4,blue
0,db,1,Dialogue,green1,green
0,db,1,Dialogue,green2,green
0,db,1,Dialogue,green3,green
0,db,1,Dialogue,green4,green
0,db,1,Dialogue,purple1,purple
0,db,1,Dialogue,purple2,purple
0,db,1,Dialogue,purple3,purple
0,db,1,Dialogue,purple4,purple
0,db,1,Dialogue,red1,red
0,db,1,Dialogue,red2,red
0,db,1,Dialogue,red3,red
0,db,1,Dialogue,red4,red
0,db,2,Dialogue,blue1,blue
0,db,2,Dialogue,blue2,blue
0,db,2,Dialogue,blue3,blue
0,db,2,Dialogue,blue4,blue
0,db,2,Dialogue,green1,green
0,db,2,Dialogue,green2,green
0,db,2,Dialogue,green3,green
0,db,2,Dialogue,green4,green
0,db,2,Dialogue,purple1,purple
0,db,2,Dialogue,purple2,purple
0,db,2,Dialogue,purple3,purple
0,db,2,Dialogue,purple4,purple
0,db,2,Dialogue,red1,red
0,db,2,Dialogue,red2,red
0,db,2,Dialogue,red3,red
0,db,2,Dialogue,red4,red
0,dc,0,Dialogue,blue1,blue
0,dc,0,Dialogue,blue2,blue
0,dc,0,Dialogue,blue3,blue
0.25,dc,0,Dialogue,blue4,blue
0,dc,0,Dialogue,green1,green
0,dc,0,Dialogue,green2,green
0.25,dc,0,Dialogue,green3,green
0,dc,0,Dialogue,green4,green
0.75,dc,0,Dialogue,purple1,purple
0.5,dc,0,Dialogue,purple2,purple
0,dc,0,Dialogue,purple3,purple
0.5,dc,0,Dialogue,purple4,purple
0.25,dc,0,Dialogue,red1,red
0,dc,0,Dialogue,red2,red
0,dc,0,Dialogue,red3,red
0.5,dc,0,Dialogue,red4,red
0,dc,1,Dialogue,blue1,blue
0,dc,1,Dialogue,blue2,blue
0,dc,1,Dialogue,blue3,blue
0,dc,1,Dialogue,blue4,blue
0,dc,1,Dialogue,green1,green
0,dc,1,Dialogue,green2,green
0,dc,1,Dialogue,green3,green
0,dc,1,Dialogue,green4,green
0,dc,1,Dialogue,purple1,purple
0,dc,1,Dialogue,purple2,purple
0,dc,1,Dialogue,purple3,purple
0,dc,1,Dialogue,purple4,purple
0,dc,1,Dialogue,red1,red
0,dc,1,Dialogue,red2,red
0,dc,1,Dialogue,red3,red
0,dc,1,Dialogue,red4,red
0,dc,2,Dialogue,blue1,blue
0,dc,2,Dialogue,blue2,blue
0,dc,2,Dialogue,blue3,blue
0,dc,2,Dialogue,blue4,blue
0,dc,2,Dialogue,green1,green
0,dc,2,Dialogue,green2,green
0,dc,2,Dialogue,green3,green
0,dc,2,Dialogue,green4,green
0,dc,2,Dialogue,purple1,purple
0,dc,2,Dialogue,purple2,purple
0,dc,2,Dialogue,purple3,purple
0,dc,2,Dialogue,purple4,purple
0.25,dc,2,Dialogue,red1,red
0,dc,2,Dialogue,red2,red
0,dc,2,Dialogue,red3,red
0,dc,2,Dialogue,red4,red
0,dd,0,Dialogue,blue1,blue
0,dd,0,Dialogue,blue2,blue
0.25,dd,0,Dialogue,blue3,blue
0.75,dd,0,Dialogue,blue4,blue
0,dd,0,Dialogue,green1,green
0.5,dd,0,Dialogue,green2,green
0,dd,0,Dialogue,green3,green
0.75,dd,0,Dialogue,green4,green
0,dd,0,Dialogue,purple1,purple
0,dd,0,Dialogue,purple2,purple
0.25,dd,0,Dialogue,purple3,purple
0.25,dd,0,Dialogue,purple4,purple
0.25,dd,0,Dialogue,red1,red
0,dd,0,Dialogue,red2,red
0,dd,0,Dialogue,red3,red
0,dd,0,Dialogue,red4,red
0,dd,1,Dialogue,blue1,blue
0,dd,1,Dialogue,blue2,blue
0,dd,1,Dialogue,blue3,blue
0,dd,1,Dialogue,blue4,blue
0,dd,1,Dialogue,green1,green
0.5,dd,1,Dialogue,green2,green
0,dd,1,Dialogue,green3,green
0,dd,1,Dialogue,green4,green
0.25,dd,1,Dialogue,purple1,purple
0,dd,1,Dialogue,purple2,purple
0,dd,1,Dialogue,purple3,purple
0,dd,1,Dialogue,purple4,purple
0,dd,1,Dialogue,red1,red
0,dd,1,Dialogue,red2,red
0,dd,1,Dialogue,red3,red
0,dd,1,Dialogue,red4,red
0,dd,2,Dialogue,blue1,blue
0,dd,2,Dialogue,blue2,blue
0,dd,2,Dialogue,blue3,blue
0,dd,2,Dialogue,blue4,blue
0,dd,2,Dialogue,green1,green
0,dd,2,Dialogue,green2,green
0,dd,2,Dialogue,green3,green
0,dd,2,Dialogue,green4,green
0.25,dd,2,Dialogue,purple1,purple
0,dd,2,Dialogue,purple2,purple
0,dd,2,Dialogue,purple3,purple
0,dd,2,Dialogue,purple4,purple
0,dd,2,Dialogue,red1,red
0,dd,2,Dialogue,red2,red
0,dd,2,Dialogue,red3,red
0,dd,2,Dialogue,red4,red
0,de,0,Dialogue,blue1,blue
1,de,0,Dialogue,blue2,blue
1,de,0,Dialogue,blue3,blue
0,de,0,Dialogue,blue4,blue
0,de,0,Dialogue,green1,green
0.5,de,0,Dialogue,green2,green
0,de,0,Dialogue,green3,green
0,de,0,Dialogue,green4,green
0.25,de,0,Dialogue,purple1,purple
0.5,de,0,Dialogue,purple2,purple
0.5,de,0,Dialogue,purple3,purple
0,de,0,Dialogue,purple4,purple
0.25,de,0,Dialogue,red1,red
0.25,de,0,Dialogue,red2,red
0.5,de,0,Dialogue,red3,red
0.5,de,0,Dialogue,red4,red
0,de,1,Dialogue,blue1,blue
0,de,1,Dialogue,blue2,blue
0,de,1,Dialogue,blue3,blue
0,de,1,Dialogue,blue4,blue
0,de,1,Dialogue,green1,green
0,de,1,Dialogue,green2,green
0,de,1,Dialogue,green3,green
0,de,1,Dialogue,green4,green
0.25,de,1,Dialogue,purple1,purple
0,de,1,Dialogue,purple2,purple
0,de,1,Dialogue,purple3,purple
0,de,1,Dialogue,purple4,purple
0,de,1,Dialogue,red1,red
0,de,1,Dialogue,red2,red
0,de,1,Dialogue,red3,red
0,de,1,Dialogue,red4,red
0,de,2,Dialogue,blue1,blue
0,de,2,Dialogue,blue2,blue
0,de,2,Dialogue,blue3,blue
0,de,2,Dialogue,blue4,blue
0,de,2,Dialogue,green1,green
0,de,2,Dialogue,green2,green
0,de,2,Dialogue,green3,green
0,de,2,Dialogue,green4,green
0.25,de,2,Dialogue,purple1,purple
0,de,2,Dialogue,purple2,purple
0,de,2,Dialogue,purple3,purple
0,de,2,Dialogue,purple4,purple
0,de,2,Dialogue,red1,red
0,de,2,Dialogue,red2,red
0,de,2,Dialogue,red3,red
0,de,2,Dialogue,red4,red
0.75,df,0,Dialogue,blue1,blue
0.75,df,0,Dialogue,blue2,blue
0,df,0,Dialogue,blue3,blue
0.5,df,0,Dialogue,blue4,blue
0.25,df,0,Dialogue,green1,green
0.25,df,0,Dialogue,green2,green
0,df,0,Dialogue,green3,green
0,df,0,Dialogue,green4,green
0.25,df,0,Dialogue,purple1,purple
0,df,0,Dialogue,purple2,purple
0.25,df,0,Dialogue,purple3,purple
0,df,0,Dialogue,purple4,purple
0,df,0,Dialogue,red1,red
0,df,0,Dialogue,red2,red
0,df,0,Dialogue,red3,red
0.25,df,0,Dialogue,red4,red
0,df,1,Dialogue,blue1,blue
0,df,1,Dialogue,blue2,blue
0,df,1,Dialogue,blue3,blue
0,df,1,Dialogue,blue4,blue
0,df,1,Dialogue,green1,green
0,df,1,Dialogue,green2,green
0,df,1,Dialogue,green3,green
0,df,1,Dialogue,green4,green
0,df,1,Dialogue,purple1,purple
0,df,1,Dialogue,purple2,purple
0,df,1,Dialogue,purple3,purple
0,df,1,Dialogue,purple4,purple
0,df,1,Dialogue,red1,red
0,df,1,Dialogue,red2,red
0,df,1,Dialogue,red3,red
0,df,1,Dialogue,red4,red
0,df,2,Dialogue,blue1,blue
0,df,2,Dialogue,blue2,blue
0,df,2,Dialogue,blue3,blue
0,df,2,Dialogue,blue4,blue
0,df,2,Dialogue,green1,green
0,df,2,Dialogue,green2,green
0,df,2,Dialogue,green3,green
0,df,2,Dialogue,green4,green
0,df,2,Dialogue,purple1,purple
0,df,2,Dialogue,purple2,purple
0,df,2,Dialogue,purple3,purple
0,df,2,Dialogue,purple4,purple
0,df,2,Dialogue,red1,red
0,df,2,Dialogue,red2,red
0,df,2,Dialogue,red3,red
0,df,2,Dialogue,red4,red
0,dg,0,Dialogue,blue1,blue
0,dg,0,Dialogue,blue2,blue
0,dg,0,Dialogue,blue3,blue
0,dg,0,Dialogue,blue4,blue
0,dg,0,Dialogue,green1,green
0,dg,0,Dialogue,green2,green
0,dg,0,Dialogue,green3,green
0.75,dg,0,Dialogue,green4,green
0,dg,0,Dialogue,purple1,purple
0,dg,0,Dialogue,purple2,purple
0,dg,0,Dialogue,purple3,purple
0,dg,0,Dialogue,purple4,purple
0,dg,0,Dialogue,red1,red
0,dg,0,Dialogue,red2,red
0,dg,0,Dialogue,red3,red
0,dg,0,Dialogue,red4,red
0,dg,1,Dialogue,blue1,blue
0,dg,1,Dialogue,blue2,blue
0,dg,1,Dialogue,blue3,blue
0,dg,1,Dialogue,blue4,blue
0,dg,1,Dialogue,green1,green
0,dg,1,Dialogue,green2,green
0,dg,1,Dialogue,green3,green
0,dg,1,Dialogue,green4,green
0,dg,1,Dialogue,purple1,purple
0,dg,1,Dialogue,purple2,purple
0,dg,1,Dialogue,purple3,purple
0,dg,1,Dialogue,purple4,purple
0,dg,1,Dialogue,red1,red
0,dg,1,Dialogue,red2,red
0,dg,1,Dialogue,red3,red
0,dg,1,Dialogue,red4,red
0,dg,2,Dialogue,blue1,blue
0,dg,2,Dialogue,blue2,blue
0,dg,2,Dialogue,blue3,blue
0,dg,2,Dialogue,blue4,blue
0,dg,2,Dialogue,green1,green
0,dg,2,Dialogue,green2,green
0,dg,2,Dialogue,green3,green
0,dg,2,Dialogue,green4,green
0,dg,2,Dialogue,purple1,purple
0,dg,2,Dialogue,purple2,purple
0,dg,2,Dialogue,purple3,purple
0,dg,2,Dialogue,purple4,purple
0,dg,2,Dialogue,red1,red
0,dg,2,Dialogue,red2,red
0,dg,2,Dialogue,red3,red
0,dg,2,Dialogue,red4,red
0,dh,0,Dialogue,blue1,blue
0.25,dh,0,Dialogue,blue2,blue
0.5,dh,0,Dialogue,blue3,blue
0.5,dh,0,Dialogue,blue4,blue
0,dh,0,Dialogue,green1,green
0,dh,0,Dialogue,green2,green
0,dh,0,Dialogue,green3,green
0,dh,0,Dialogue,green4,green
0,dh,0,Dialogue,purple1,purple
0,dh,0,Dialogue,purple2,purple
0,dh,0,Dialogue,purple3,purple
0,dh,0,Dialogue,purple4,purple
0.5,dh,0,Dialogue,red1,red
0.5,dh,0,Dialogue,red2,red
0.5,dh,0,Dialogue,red3,red
0.5,dh,0,Dialogue,red4,red
0,dh,1,Dialogue,blue1,blue
0,dh,1,Dialogue,blue2,blue
0,dh,1,Dialogue,blue3,blue
0,dh,1,Dialogue,blue4,blue
0,dh,1,Dialogue,green1,green
0,dh,1,Dialogue,green2,green
0,dh,1,Dialogue,green3,green
0,dh,1,Dialogue,green4,green
0,dh,1,Dialogue,purple1,purple
0,dh,1,Dialogue,purple2,purple
0,dh,1,Dialogue,purple3,purple
0,dh,1,Dialogue,purple4,purple
0,dh,1,Dialogue,red1,red
0.25,dh,1,Dialogue,red2,red
0,dh,1,Dialogue,red3,red
0,dh,1,Dialogue,red4,red
0,dh,2,Dialogue,blue1,blue
0,dh,2,Dialogue,blue2,blue
0,dh,2,Dialogue,blue3,blue
0,dh,2,Dialogue,blue4,blue
0,dh,2,Dialogue,green1,green
0,dh,2,Dialogue,green2,green
0,dh,2,Dialogue,green3,green
0,dh,2,Dialogue,green4,green
0,dh,2,Dialogue,purple1,purple
0,dh,2,Dialogue,purple2,purple
0,dh,2,Dialogue,purple3,purple
0,dh,2,Dialogue,purple4,purple
0,dh,2,Dialogue,red1,red
0,dh,2,Dialogue,red2,red
0,dh,2,Dialogue,red3,red
0,dh,2,Dialogue,red4,red
0,di,0,Dialogue,blue1,blue
0,di,0,Dialogue,blue2,blue
0,di,0,Dialogue,blue3,blue
0,di,0,Dialogue,blue4,blue
0,di,0,Dialogue,green1,green
0,di,0,Dialogue,green2,green
0,di,0,Dialogue,green3,green
0,di,0,Dialogue,green4,green
0,di,0,Dialogue,purple1,purple
0,di,0,Dialogue,purple2,purple
0,di,0,Dialogue,purple3,purple
0,di,0,Dialogue,purple4,purple
0,di,0,Dialogue,red1,red
0.25,di,0,Dialogue,red2,red
0,di,0,Dialogue,red3,red
0,di,0,Dialogue,red4,red
0,di,1,Dialogue,blue1,blue
0,di,1,Dialogue,blue2,blue
0,di,1,Dialogue,blue3,blue
0,di,1,Dialogue,blue4,blue
0,di,1,Dialogue,green1,green
0,di,1,Dialogue,green2,green
0,di,1,Dialogue,green3,green
0,di,1,Dialogue,green4,green
0,di,1,Dialogue,purple1,purple
0,di,1,Dialogue,purple2,purple
0,di,1,Dialogue,purple3,purple
0,di,1,Dialogue,purple4,purple
0,di,1,Dialogue,red1,red
0,di,1,Dialogue,red2,red
0,di,1,Dialogue,red3,red
0,di,1,Dialogue,red4,red
0,di,2,Dialogue,blue1,blue
0,di,2,Dialogue,blue2,blue
0,di,2,Dialogue,blue3,blue
0,di,2,Dialogue,blue4,blue
0,di,2,Dialogue,green1,green
0,di,2,Dialogue,green2,green
0,di,2,Dialogue,green3,green
0,di,2,Dialogue,green4,green
0,di,2,Dialogue,purple1,purple
0,di,2,Dialogue,purple2,purple
0,di,2,Dialogue,purple3,purple
0,di,2,Dialogue,purple4,purple
0,di,2,Dialogue,red1,red
0,di,2,Dialogue,red2,red
0,di,2,Dialogue,red3,red
0,di,2,Dialogue,red4,red
0.25,dj,0,Dialogue,blue1,blue
0.75,dj,0,Dialogue,blue2,blue
0,dj,0,Dialogue,blue3,blue
0.75,dj,0,Dialogue,blue4,blue
0.25,dj,0,Dialogue,green1,green
0.75,dj,0,Dialogue,green2,green
0.5,dj,0,Dialogue,green3,green
0.5,dj,0,Dialogue,green4,green
0.25,dj,0,Dialogue,purple1,purple
0.5,dj,0,Dialogue,purple2,purple
0.25,dj,0,Dialogue,purple3,purple
0.25,dj,0,Dialogue,purple4,purple
0.25,dj,0,Dialogue,red1,red
0,dj,0,Dialogue,red2,red
0.5,dj,0,Dialogue,red3,red
0.75,dj,0,Dialogue,red4,red
0.5,dj,1,Dialogue,blue1,blue
0.5,dj,1,Dialogue,blue2,blue
0.25,dj,1,Dialogue,blue3,blue
1,dj,1,Dialogue,blue4,blue
0.5,dj,1,Dialogue,green1,green
0.75,dj,1,Dialogue,green2,green
0.75,dj,1,Dialogue,green3,green
0.5,dj,1,Dialogue,green4,green
1,dj,1,Dialogue,purple1,purple
0.75,dj,1,Dialogue,purple2,purple
0.75,dj,1,Dialogue,purple3,purple
0.75,dj,1,Dialogue,purple4,purple
0.75,dj,1,Dialogue,red1,red
0.5,dj,1,Dialogue,red2,red
0.5,dj,1,Dialogue,red3,red
0,dj,1,Dialogue,red4,red
0.25,dj,2,Dialogue,blue1,blue
0.25,dj,2,Dialogue,blue2,blue
0.5,dj,2,Dialogue,blue3,blue
1,dj,2,Dialogue,blue4,blue
0.5,dj,2,Dialogue,green1,green
1,dj,2,Dialogue,green2,green
0.25,dj,2,Dialogue,green3,green
0.75,dj,2,Dialogue,green4,green
0.5,dj,2,Dialogue,purple1,purple
0.5,dj,2,Dialogue,purple2,purple
0,dj,2,Dialogue,purple3,purple
0.25,dj,2,Dialogue,purple4,purple
0.5,dj,2,Dialogue,red1,red
0.75,dj,2,Dialogue,red2,red
0.75,dj,2,Dialogue,red3,red
0.75,dj,2,Dialogue,red4,red
0,dk,0,Dialogue,blue1,blue
0,dk,0,Dialogue,blue2,blue
0,dk,0,Dialogue,blue3,blue
0,dk,0,Dialogue,blue4,blue
0,dk,0,Dialogue,green1,green
0,dk,0,Dialogue,green2,green
0,dk,0,Dialogue,green3,green
0,dk,0,Dialogue,green4,green
0.5,dk,0,Dialogue,purple1,purple
0,dk,0,Dialogue,purple2,purple
0,dk,0,Dialogue,purple3,purple
0,dk,0,Dialogue,purple4,purple
0,dk,0,Dialogue,red1,red
0.75,dk,0,Dialogue,red2,red
0,dk,0,Dialogue,red3,red
0,dk,0,Dialogue,red4,red
0,dk,1,Dialogue,blue1,blue
0,dk,1,Dialogue,blue2,blue
0,dk,1,Dialogue,blue3,blue
0,dk,1,Dialogue,blue4,blue
0,dk,1,Dialogue,green1,green
0,dk,1,Dialogue,green2,green
0,dk,1,Dialogue,green3,green
0,dk,1,Dialogue,green4,green
0,dk,1,Dialogue,purple1,purple
0,dk,1,Dialogue,purple2,purple
0,dk,1,Dialogue,purple3,purple
0,dk,1,Dialogue,purple4,purple
0,dk,1,Dialogue,red1,red
0,dk,1,Dialogue,red2,red
0,dk,1,Dialogue,red3,red
0,dk,1,Dialogue,red4,red
0,dk,2,Dialogue,blue1,blue
0,dk,2,Dialogue,blue2,blue
0,dk,2,Dialogue,blue3,blue
0,dk,2,Dialogue,blue4,blue
0,dk,2,Dialogue,green1,green
0,dk,2,Dialogue,green2,green
0,dk,2,Dialogue,green3,green
0,dk,2,Dialogue,green4,green
0,dk,2,Dialogue,purple1,purple
0,dk,2,Dialogue,purple2,purple
0,dk,2,Dialogue,purple3,purple
0,dk,2,Dialogue,purple4,purple
0,dk,2,Dialogue,red1,red
0,dk,2,Dialogue,red2,red
0,dk,2,Dialogue,red3,red
0,dk,2,Dialogue,red4,red
0,dl,0,Dialogue,blue1,blue
0,dl,0,Dialogue,blue2,blue
0,dl,0,Dialogue,blue3,blue
0,dl,0,Dialogue,blue4,blue
0,dl,0,Dialogue,green1,green
0,dl,0,Dialogue,green2,green
0,dl,0,Dialogue,green3,green
0,dl,0,Dialogue,green4,green
0,dl,0,Dialogue,purple1,purple
0,dl,0,Dialogue,purple2,purple
0,dl,0,Dialogue,purple3,purple
0,dl,0,Dialogue,purple4,purple
0,dl,0,Dialogue,red1,red
0,dl,0,Dialogue,red2,red
0,dl,0,Dialogue,red3,red
0,dl,0,Dialogue,red4,red
0,dl,1,Dialogue,blue1,blue
0,dl,1,Dialogue,blue2,blue
0,dl,1,Dialogue,blue3,blue
0,dl,1,Dialogue,blue4,blue
0,dl,1,Dialogue,green1,green
0,dl,1,Dialogue,green2,green
0,dl,1,Dialogue,green3,green
0,dl,1,Dialogue,green4,green
0,dl,1,Dialogue,purple1,purple
0,dl,1,Dialogue,purple2,purple
0,dl,1,Dialogue,purple3,purple
0,dl,1,Dialogue,purple4,purple
0,dl,1,Dialogue,red1,red
0,dl,1,Dialogue,red2,red
0,dl,1,Dialogue,red3,red
0,dl,1,Dialogue,red4,red
0,dl,2,Dialogue,blue1,blue
0,dl,2,Dialogue,blue2,blue
0,dl,2,Dialogue,blue3,blue
0,dl,2,Dialogue,blue4,blue
0,dl,2,Dialogue,green1,green
0,dl,2,Dialogue,green2,green
0,dl,2,Dialogue,green3,green
0,dl,2,Dialogue,green4,green
0,dl,2,Dialogue,purple1,purple
0,dl,2,Dialogue,purple2,purple
0,dl,2,Dialogue,purple3,purple
0,dl,2,Dialogue,purple4,purple
0,dl,2,Dialogue,red1,red
0,dl,2,Dialogue,red2,red
0,dl,2,Dialogue,red3,red
0,dl,2,Dialogue,red4,red
0.25,dm,0,Dialogue,blue1,blue
0.75,dm,0,Dialogue,blue2,blue
0.25,dm,0,Dialogue,blue3,blue
0.5,dm,0,Dialogue,blue4,blue
0.75,dm,0,Dialogue,green1,green
0,dm,0,Dialogue,green2,green
0,dm,0,Dialogue,green3,green
0.75,dm,0,Dialogue,green4,green
0.5,dm,0,Dialogue,purple1,purple
0.25,dm,0,Dialogue,purple2,purple
0,dm,0,Dialogue,purple3,purple
0.25,dm,0,Dialogue,purple4,purple
0.5,dm,0,Dialogue,red1,red
0.5,dm,0,Dialogue,red2,red
0.75,dm,0,Dialogue,red3,red
0.5,dm,0,Dialogue,red4,red
0,dm,1,Dialogue,blue1,blue
0,dm,1,Dialogue,blue2,blue
0.25,dm,1,Dialogue,blue3,blue
0,dm,1,Dialogue,blue4,blue
0,dm,1,Dialogue,green1,green
0.5,dm,1,Dialogue,green2,green
0,dm,1,Dialogue,green3,green
0.5,dm,1,Dialogue,green4,green
0,dm,1,Dialogue,purple1,purple
0,dm,1,Dialogue,purple2,purple
0,dm,1,Dialogue,purple3,purple
0,dm,1,Dialogue,purple4,purple
0.5,dm,1,Dialogue,red1,red
0.25,dm,1,Dialogue,red2,red
0,dm,1,Dialogue,red3,red
0,dm,1,Dialogue,red4,red
0.75,dm,2,Dialogue,blue1,blue
0.75,dm,2,Dialogue,blue2,blue
0,dm,2,Dialogue,blue3,blue
0.75,dm,2,Dialogue,blue4,blue
0.75,dm,2,Dialogue,green1,green
1,dm,2,Dialogue,green2,green
0.5,dm,2,Dialogue,green3,green
0.5,dm,2,Dialogue,green4,green
0.75,dm,2,Dialogue,purple1,purple
0.25,dm,2,Dialogue,purple2,purple
0.5,dm,2,Dialogue,purple3,purple
1,dm,2,Dialogue,purple4,purple
0.25,dm,2,Dialogue,red1,red
0,dm,2,Dialogue,red2,red
0.25,dm,2,Dialogue,red3,red
0.25,dm,2,Dialogue,red4,red
0,dn,0,Dialogue,blue1,blue
0,dn,0,Dialogue,blue2,blue
0,dn,0,Dialogue,blue3,blue
0.75,dn,0,Dialogue,blue4,blue
0,dn,0,Dialogue,green1,green
0,dn,0,Dialogue,green2,green
0,dn,0,Dialogue,green3,green
0,dn,0,Dialogue,green4,green
0,dn,0,Dialogue,purple1,purple
0,dn,0,Dialogue,purple2,purple
0,dn,0,Dialogue,purple3,purple
0,dn,0,Dialogue,purple4,purple
0,dn,0,Dialogue,red1,red
0,dn,0,Dialogue,red2,red
0,dn,0,Dialogue,red3,red
0,dn,0,Dialogue,red4,red
0,dn,1,Dialogue,blue1,blue
0,dn,1,Dialogue,blue2,blue
0,dn,1,Dialogue,blue3,blue
0,dn,1,Dialogue,blue4,blue
0,dn,1,Dialogue,green1,green
0,dn,1,Dialogue,green2,green
0.25,dn,1,Dialogue,green3,green
0,dn,1,Dialogue,green4,green
0,dn,1,Dialogue,purple1,purple
0,dn,1,Dialogue,purple2,purple
0,dn,1,Dialogue,purple3,purple
0,dn,1,Dialogue,purple4,purple
0,dn,1,Dialogue,red1,red
0,dn,1,Dialogue,red2,red
0,dn,1,Dialogue,red3,red
0,dn,1,Dialogue,red4,red
0,dn,2,Dialogue,blue1,blue
0,dn,2,Dialogue,blue2,blue
0,dn,2,Dialogue,blue3,blue
0,dn,2,Dialogue,blue4,blue
0,dn,2,Dialogue,green1,green
0,dn,2,Dialogue,green2,green
0.25,dn,2,Dialogue,green3,green
0,dn,2,Dialogue,green4,green
0,dn,2,Dialogue,purple1,purple
0,dn,2,Dialogue,purple2,purple
0,dn,2,Dialogue,purple3,purple
0,dn,2,Dialogue,purple4,purple
0,dn,2,Dialogue,red1,red
0,dn,2,Dialogue,red2,red
0,dn,2,Dialogue,red3,red
0,dn,2,Dialogue,red4,red
0,do,0,Dialogue,blue1,blue
0,do,0,Dialogue,blue2,blue
0,do,0,Dialogue,blue3,blue
0,do,0,Dialogue,blue4,blue
0,do,0,Dialogue,green1,green
0,do,0,Dialogue,green2,green
0,do,0,Dialogue,green3,green
0,do,0,Dialogue,green4,green
0,do,0,Dialogue,purple1,purple
0,do,0,Dialogue,purple2,purple
0,do,0,Dialogue,purple3,purple
0,do,0,Dialogue,purple4,purple
0,do,0,Dialogue,red1,red
0.5,do,0,Dialogue,red2,red
0,do,0,Dialogue,red3,red
0,do,0,Dialogue,red4,red
0,do,1,Dialogue,blue1,blue
0,do,1,Dialogue,blue2,blue
0,do,1,Dialogue,blue3,blue
0,do,1,Dialogue,blue4,blue
0,do,1,Dialogue,green1,green
0,do,1,Dialogue,green2,green
0,do,1,Dialogue,green3,green
0,do,1,Dialogue,green4,green
0,do,1,Dialogue,purple1,purple
0,do,1,Dialogue,purple2,purple
0,do,1,Dialogue,purple3,purple
0,do,1,Dialogue,purple4,purple
0,do,1,Dialogue,red1,red
0,do,1,Dialogue,red2,red
0,do,1,Dialogue,red3,red
0,do,1,Dialogue,red4,red
0,do,2,Dialogue,blue1,blue
0,do,2,Dialogue,blue2,blue
0,do,2,Dialogue,blue3,blue
0,do,2,Dialogue,blue4,blue
0,do,2,Dialogue,green1,green
0,do,2,Dialogue,green2,green
0,do,2,Dialogue,green3,green
0,do,2,Dialogue,green4,green
0,do,2,Dialogue,purple1,purple
0,do,2,Dialogue,purple2,purple
0,do,2,Dialogue,purple3,purple
0,do,2,Dialogue,purple4,purple
0,do,2,Dialogue,red1,red
0,do,2,Dialogue,red2,red
0,do,2,Dialogue,red3,red
0,do,2,Dialogue,red4,red
0,da,0,Dialogue,blue1,blue
0,da,0,Dialogue,blue2,blue
0,da,0,Dialogue,blue3,blue
0,da,0,Dialogue,blue4,blue
0.75,da,0,Dialogue,green1,green
0.25,da,0,Dialogue,green2,green
0,da,0,Dialogue,green3,green
0.5,da,0,Dialogue,green4,green
0,da,0,Dialogue,purple1,purple
0,da,0,Dialogue,purple2,purple
0.25,da,0,Dialogue,purple3,purple
0.25,da,0,Dialogue,purple4,purple
0.25,da,0,Dialogue,red1,red
0.25,da,0,Dialogue,red2,red
0.25,da,0,Dialogue,red3,red
0.25,da,0,Dialogue,red4,red
0,da,1,Dialogue,blue1,blue
0,da,1,Dialogue,blue2,blue
0,da,1,Dialogue,blue3,blue
0,da,1,Dialogue,blue4,blue
0.5,da,1,Dialogue,green1,green
0,da,1,Dialogue,green2,green
0.25,da,1,Dialogue,green3,green
0.75,da,1,Dialogue,green4,green
0,da,1,Dialogue,purple1,purple
0,da,1,Dialogue,purple2,purple
0.25,da,1,Dialogue,purple3,purple
0.25,da,1,Dialogue,purple4,purple
0.5,da,1,Dialogue,red1,red
0.5,da,1,Dialogue,red2,red
0.5,da,1,Dialogue,red3,red
0.5,da,1,Dialogue,red4,red
0,da,2,Dialogue,blue1,blue
0,da,2,Dialogue,blue2,blue
0,da,2,Dialogue,blue3,blue
0,da,2,Dialogue,blue4,blue
0,da,2,Dialogue,green1,green
0,da,2,Dialogue,green2,green
0,da,2,Dialogue,green3,green
0,da,2,Dialogue,green4,green
0,da,2,Dialogue,purple1,purple
0,da,2,Dialogue,purple2,purple
0,da,2,Dialogue,purple3,purple
0,da,2,Dialogue,purple4,purple
0.25,da,2,Dialogue,red1,red
0.5,da,2,Dialogue,red2,red
0.5,da,2,Dialogue,red3,red
0.5,da,2,Dialogue,red4,red
0,cl,0,Correspondence,blue1,blue
0,cl,0,Correspondence,blue2,blue
0,cl,0,Correspondence,blue3,blue
0,cl,0,Correspondence,blue4,blue
0,cl,0,Correspondence,green1,green
0,cl,0,Correspondence,green2,green
0,cl,0,Correspondence,green3,green
0,cl,0,Correspondence,green4,green
0.75,cl,0,Correspondence,purple1,purple
0.5,cl,0,Correspondence,purple2,purple
0.5,cl,0,Correspondence,purple3,purple
0.5,cl,0,Correspondence,purple4,purple
0.75,cl,0,Correspondence,red1,red
0.75,cl,0,Correspondence,red2,red
0.25,cl,0,Correspondence,red3,red
0.5,cl,0,Correspondence,red4,red
0.25,cl,1,Correspondence,blue1,blue
0.25,cl,1,Correspondence,blue2,blue
0.25,cl,1,Correspondence,blue3,blue
0.75,cl,1,Correspondence,blue4,blue
0,cl,1,Correspondence,green1,green
0,cl,1,Correspondence,green2,green
0,cl,1,Correspondence,green3,green
0.5,cl,1,Correspondence,green4,green
0.25,cl,1,Correspondence,purple1,purple
0.5,cl,1,Correspondence,purple2,purple
1,cl,1,Correspondence,purple3,purple
0.75,cl,1,Correspondence,purple4,purple
0,cl,1,Correspondence,red1,red
0.5,cl,1,Correspondence,red2,red
0.75,cl,1,Correspondence,red3,red
1,cl,1,Correspondence,red4,red
0.25,cl,2,Correspondence,blue1,blue
0,cl,2,Correspondence,blue2,blue
0.5,cl,2,Correspondence,blue3,blue
0,cl,2,Correspondence,blue4,blue
0,cl,2,Correspondence,green1,green
0,cl,2,Correspondence,green2,green
0.25,cl,2,Correspondence,green3,green
0.75,cl,2,Correspondence,green4,green
0.25,cl,2,Correspondence,purple1,purple
0.25,cl,2,Correspondence,purple2,purple
0.25,cl,2,Correspondence,purple3,purple
0.5,cl,2,Correspondence,purple4,purple
0,cl,2,Correspondence,red1,red
0,cl,2,Correspondence,red2,red
0.25,cl,2,Correspondence,red3,red
0,cl,2,Correspondence,red4,red
0,cm,0,Correspondence,blue1,blue
0.5,cm,0,Correspondence,blue2,blue
0.5,cm,0,Correspondence,blue3,blue
0.5,cm,0,Correspondence,blue4,blue
0.25,cm,0,Correspondence,green1,green
0.5,cm,0,Correspondence,green2,green
0.5,cm,0,Correspondence,green3,green
0.5,cm,0,Correspondence,green4,green
0.25,cm,0,Correspondence,purple1,purple
0,cm,0,Correspondence,purple2,purple
0.5,cm,0,Correspondence,purple3,purple
0.5,cm,0,Correspondence,purple4,purple
0.5,cm,0,Correspondence,red1,red
0.5,cm,0,Correspondence,red2,red
0.5,cm,0,Correspondence,red3,red
0.5,cm,0,Correspondence,red4,red
0,cm,1,Correspondence,blue1,blue
0.5,cm,1,Correspondence,blue2,blue
0,cm,1,Correspondence,blue3,blue
0,cm,1,Correspondence,blue4,blue
0,cm,1,Correspondence,green1,green
0.25,cm,1,Correspondence,green2,green
0.75,cm,1,Correspondence,green3,green
0.5,cm,1,Correspondence,green4,green
0,cm,1,Correspondence,purple1,purple
0,cm,1,Correspondence,purple2,purple
0.25,cm,1,Correspondence,purple3,purple
0.5,cm,1,Correspondence,purple4,purple
0.5,cm,1,Correspondence,red1,red
0.25,cm,1,Correspondence,red2,red
0.25,cm,1,Correspondence,red3,red
0,cm,1,Correspondence,red4,red
0,cm,2,Correspondence,blue1,blue
0.5,cm,2,Correspondence,blue2,blue
0.5,cm,2,Correspondence,blue3,blue
0.25,cm,2,Correspondence,blue4,blue
0.25,cm,2,Correspondence,green1,green
0.75,cm,2,Correspondence,green2,green
0,cm,2,Correspondence,green3,green
0,cm,2,Correspondence,green4,green
0,cm,2,Correspondence,purple1,purple
0.5,cm,2,Correspondence,purple2,purple
0.25,cm,2,Correspondence,purple3,purple
0.25,cm,2,Correspondence,purple4,purple
0,cm,2,Correspondence,red1,red
0,cm,2,Correspondence,red2,red
0,cm,2,Correspondence,red3,red
0,cm,2,Correspondence,red4,red
0.5,cn,0,Correspondence,blue1,blue
0.25,cn,0,Correspondence,blue2,blue
0.5,cn,0,Correspondence,blue3,blue
0.5,cn,0,Correspondence,blue4,blue
0.25,cn,0,Correspondence,green1,green
0.25,cn,0,Correspondence,green2,green
0.25,cn,0,Correspondence,green3,green
0.5,cn,0,Correspondence,green4,green
0.5,cn,0,Correspondence,purple1,purple
0.25,cn,0,Correspondence,purple2,purple
0.25,cn,0,Correspondence,purple3,purple
1,cn,0,Correspondence,purple4,purple
0,cn,0,Correspondence,red1,red
0.25,cn,0,Correspondence,red2,red
0.75,cn,0,Correspondence,red3,red
0.75,cn,0,Correspondence,red4,red
0.25,cn,1,Correspondence,blue1,blue
0.5,cn,1,Correspondence,blue2,blue
0,cn,1,Correspondence,blue3,blue
0.5,cn,1,Correspondence,blue4,blue
0.75,cn,1,Correspondence,green1,green
1,cn,1,Correspondence,green2,green
0.25,cn,1,Correspondence,green3,green
0.5,cn,1,Correspondence,green4,green
0,cn,1,Correspondence,purple1,purple
0.75,cn,1,Correspondence,purple2,purple
0.5,cn,1,Correspondence,purple3,purple
0.25,cn,1,Correspondence,purple4,purple
0.75,cn,1,Correspondence,red1,red
0.25,cn,1,Correspondence,red2,red
0.25,cn,1,Correspondence,red3,red
0,cn,1,Correspondence,red4,red
0,cn,2,Correspondence,blue1,blue
0.5,cn,2,Correspondence,blue2,blue
0.25,cn,2,Correspondence,blue3,blue
0.25,cn,2,Correspondence,blue4,blue
0.25,cn,2,Correspondence,green1,green
0.25,cn,2,Correspondence,green2,green
0.25,cn,2,Correspondence,green3,green
0.75,cn,2,Correspondence,green4,green
0.5,cn,2,Correspondence,purple1,purple
0.75,cn,2,Correspondence,purple2,purple
0.25,cn,2,Correspondence,purple3,purple
0.75,cn,2,Correspondence,purple4,purple
0.75,cn,2,Correspondence,red1,red
0,cn,2,Correspondence,red2,red
0.75,cn,2,Correspondence,red3,red
0.5,cn,2,Correspondence,red4,red
0.75,bk,0,Recall,blue1,blue
0.25,bk,0,Recall,blue2,blue
0,bk,0,Recall,blue3,blue
0.25,bk,0,Recall,blue4,blue
0.5,bk,0,Recall,green1,green
0,bk,0,Recall,green2,green
0,bk,0,Recall,green3,green
0.75,bk,0,Recall,green4,green
0,bk,0,Recall,purple1,purple
0,bk,0,Recall,purple2,purple
0.5,bk,0,Recall,purple3,purple
0.25,bk,0,Recall,purple4,purple
0,bk,0,Recall,red1,red
0,bk,0,Recall,red2,red
0.25,bk,0,Recall,red3,red
0.25,bk,0,Recall,red4,red
0.25,bk,1,Recall,blue1,blue
0.25,bk,1,Recall,blue2,blue
0.75,bk,1,Recall,blue3,blue
0,bk,1,Recall,blue4,blue
0.25,bk,1,Recall,green1,green
0.75,bk,1,Recall,green2,green
0.5,bk,1,Recall,green3,green
0.5,bk,1,Recall,green4,green
0.75,bk,1,Recall,purple1,purple
0.5,bk,1,Recall,purple2,purple
0.25,bk,1,Recall,purple3,purple
0.5,bk,1,Recall,purple4,purple
0.75,bk,1,Recall,red1,red
0,bk,1,Recall,red2,red
0.5,bk,1,Recall,red3,red
0.25,bk,1,Recall,red4,red
0.5,bk,2,Recall,blue1,blue
0,bk,2,Recall,blue2,blue
0.75,bk,2,Recall,blue3,blue
0.25,bk,2,Recall,blue4,blue
0,bk,2,Recall,green1,green
0.25,bk,2,Recall,green2,green
0.5,bk,2,Recall,green3,green
0.5,bk,2,Recall,green4,green
0.5,bk,2,Recall,purple1,purple
0.5,bk,2,Recall,purple2,purple
0.75,bk,2,Recall,purple3,purple
0.25,bk,2,Recall,purple4,purple
0.25,bk,2,Recall,red1,red
0.5,bk,2,Recall,red2,red
0.25,bk,2,Recall,red3,red
0.5,bk,2,Recall,red4,red
0,bl,0,Recall,blue1,blue
0.25,bl,0,Recall,blue2,blue
0,bl,0,Recall,blue3,blue
0,bl,0,Recall,blue4,blue
0,bl,0,Recall,green1,green
0.25,bl,0,Recall,green2,green
0,bl,0,Recall,green3,green
0.25,bl,0,Recall,green4,green
0,bl,0,Recall,purple1,purple
0,bl,0,Recall,purple2,purple
0.25,bl,0,Recall,purple3,purple
0.25,bl,0,Recall,purple4,purple
0,bl,0,Recall,red1,red
0.25,bl,0,Recall,red2,red
0.5,bl,0,Recall,red3,red
0,bl,0,Recall,red4,red
0.25,bl,1,Recall,blue1,blue
0.25,bl,1,Recall,blue2,blue
0,bl,1,Recall,blue3,blue
0.25,bl,1,Recall,blue4,blue
0.25,bl,1,Recall,green1,green
0.25,bl,1,Recall,green2,green
0.25,bl,1,Recall,green3,green
0.25,bl,1,Recall,green4,green
0,bl,1,Recall,purple1,purple
0,bl,1,Recall,purple2,purple
0,bl,1,Recall,purple3,purple
0,bl,1,Recall,purple4,purple
0.25,bl,1,Recall,red1,red
0.25,bl,1,Recall,red2,red
0,bl,1,Recall,red3,red
0,bl,1,Recall,red4,red
0,bl,2,Recall,blue1,blue
0.25,bl,2,Recall,blue2,blue
0,bl,2,Recall,blue3,blue
0.5,bl,2,Recall,blue4,blue
0.25,bl,2,Recall,green1,green
0.25,bl,2,Recall,green2,green
0,bl,2,Recall,green3,green
0.25,bl,2,Recall,green4,green
0.5,bl,2,Recall,purple1,purple
0.25,bl,2,Recall,purple2,purple
0,bl,2,Recall,purple3,purple
0,bl,2,Recall,purple4,purple
0,bl,2,Recall,red1,red
0.25,bl,2,Recall,red2,red
0.25,bl,2,Recall,red3,red
0.25,bl,2,Recall,red4,red
0,bm,0,Recall,blue1,blue
0.75,bm,0,Recall,blue2,blue
0.25,bm,0,Recall,blue3,blue
0.25,bm,0,Recall,blue4,blue
0,bm,0,Recall,green1,green
0,bm,0,Recall,green2,green
0,bm,0,Recall,green3,green
0,bm,0,Recall,green4,green
0.5,bm,0,Recall,purple1,purple
0.5,bm,0,Recall,purple2,purple
0,bm,0,Recall,purple3,purple
0.25,bm,0,Recall,purple4,purple
0.25,bm,0,Recall,red1,red
0,bm,0,Recall,red2,red
0.75,bm,0,Recall,red3,red
0,bm,0,Recall,red4,red
0.75,bm,1,Recall,blue1,blue
0.5,bm,1,Recall,blue2,blue
0.25,bm,1,Recall,blue3,blue
0.75,bm,1,Recall,blue4,blue
0,bm,1,Recall,green1,green
0,bm,1,Recall,green2,green
0,bm,1,Recall,green3,green
0,bm,1,Recall,green4,green
0.5,bm,1,Recall,purple1,purple
0.75,bm,1,Recall,purple2,purple
0.25,bm,1,Recall,purple3,purple
0,bm,1,Recall,purple4,purple
0,bm,1,Recall,red1,red
0,bm,1,Recall,red2,red
0,bm,1,Recall,red3,red
0,bm,1,Recall,red4,red
0.75,bm,2,Recall,blue1,blue
0.75,bm,2,Recall,blue2,blue
0.5,bm,2,Recall,blue3,blue
0.5,bm,2,Recall,blue4,blue
0,bm,2,Recall,green1,green
0,bm,2,Recall,green2,green
0,bm,2,Recall,green3,green
0,bm,2,Recall,green4,green
0.5,bm,2,Recall,purple1,purple
0.5,bm,2,Recall,purple2,purple
0,bm,2,Recall,purple3,purple
0.5,bm,2,Recall,purple4,purple
0,bm,2,Recall,red1,red
0,bm,2,Recall,red2,red
0,bm,2,Recall,red3,red
0,bm,2,Recall,red4,red
0.25,bn,0,Recall,blue1,blue
0,bn,0,Recall,blue2,blue
0,bn,0,Recall,blue3,blue
0.75,bn,0,Recall,blue4,blue
0.5,bn,0,Recall,green1,green
0,bn,0,Recall,green2,green
0,bn,0,Recall,green3,green
0.5,bn,0,Recall,green4,green
0.75,bn,0,Recall,purple1,purple
0,bn,0,Recall,purple2,purple
0.75,bn,0,Recall,purple3,purple
0,bn,0,Recall,purple4,purple
0,bn,0,Recall,red1,red
0.75,bn,0,Recall,red2,red
0,bn,0,Recall,red3,red
0.5,bn,0,Recall,red4,red
0,bn,1,Recall,blue1,blue
0,bn,1,Recall,blue2,blue
0,bn,1,Recall,blue3,blue
0.75,bn,1,Recall,blue4,blue
0.5,bn,1,Recall,green1,green
0,bn,1,Recall,green2,green
0,bn,1,Recall,green3,green
0.75,bn,1,Recall,green4,green
0.75,bn,1,Recall,purple1,purple
0,bn,1,Recall,purple2,purple
0,bn,1,Recall,purple3,purple
0,bn,1,Recall,purple4,purple
0.75,bn,1,Recall,red1,red
0.25,bn,1,Recall,red2,red
0.5,bn,1,Recall,red3,red
0.25,bn,1,Recall,red4,red
0,bn,2,Recall,blue1,blue
0,bn,2,Recall,blue2,blue
0,bn,2,Recall,blue3,blue
0,bn,2,Recall,blue4,blue
0.5,bn,2,Recall,green1,green
0.25,bn,2,Recall,green2,green
0,bn,2,Recall,green3,green
0.75,bn,2,Recall,green4,green
0,bn,2,Recall,purple1,purple
0,bn,2,Recall,purple2,purple
0,bn,2,Recall,purple3,purple
0,bn,2,Recall,purple4,purple
0,bn,2,Recall,red1,red
0,bn,2,Recall,red2,red
0,bn,2,Recall,red3,red
0.5,bn,2,Recall,red4,red
0,ak,0,Mnemonic,blue1,blue
0.25,ak,0,Mnemonic,blue2,blue
0,ak,0,Mnemonic,blue3,blue
1,ak,0,Mnemonic,blue4,blue
0,ak,0,Mnemonic,green1,green
0,ak,0,Mnemonic,green2,green
0,ak,0,Mnemonic,green3,green
0,ak,0,Mnemonic,green4,green
0,ak,0,Mnemonic,purple1,purple
0.25,ak,0,Mnemonic,purple2,purple
0,ak,0,Mnemonic,purple3,purple
0,ak,0,Mnemonic,purple4,purple
0,ak,0,Mnemonic,red1,red
0,ak,0,Mnemonic,red2,red
0.25,ak,0,Mnemonic,red3,red
0.5,ak,0,Mnemonic,red4,red
0,ak,1,Mnemonic,blue1,blue
0.25,ak,1,Mnemonic,blue2,blue
0,ak,1,Mnemonic,blue3,blue
0,ak,1,Mnemonic,blue4,blue
0,ak,1,Mnemonic,green1,green
0.25,ak,1,Mnemonic,green2,green
0,ak,1,Mnemonic,green3,green
0.25,ak,1,Mnemonic,green4,green
0,ak,1,Mnemonic,purple1,purple
0.25,ak,1,Mnemonic,purple2,purple
0,ak,1,Mnemonic,purple3,purple
0,ak,1,Mnemonic,purple4,purple
0,ak,1,Mnemonic,red1,red
0,ak,1,Mnemonic,red2,red
0,ak,1,Mnemonic,red3,red
0,ak,1,Mnemonic,red4,red
0,ak,2,Mnemonic,blue1,blue
0.25,ak,2,Mnemonic,blue2,blue
0,ak,2,Mnemonic,blue3,blue
0,ak,2,Mnemonic,blue4,blue
0.25,ak,2,Mnemonic,green1,green
0.25,ak,2,Mnemonic,green2,green
0.25,ak,2,Mnemonic,green3,green
0.25,ak,2,Mnemonic,green4,green
0,ak,2,Mnemonic,purple1,purple
0.25,ak,2,Mnemonic,purple2,purple
0,ak,2,Mnemonic,purple3,purple
0,ak,2,Mnemonic,purple4,purple
0,ak,2,Mnemonic,red1,red
0,ak,2,Mnemonic,red2,red
0,ak,2,Mnemonic,red3,red
0,ak,2,Mnemonic,red4,red
0.5,al,0,Mnemonic,blue1,blue
0.5,al,0,Mnemonic,blue2,blue
0.5,al,0,Mnemonic,blue3,blue
0.75,al,0,Mnemonic,blue4,blue
0.5,al,0,Mnemonic,green1,green
0.5,al,0,Mnemonic,green2,green
0,al,0,Mnemonic,green3,green
0,al,0,Mnemonic,green4,green
0.75,al,0,Mnemonic,purple1,purple
0.25,al,0,Mnemonic,purple2,purple
0.5,al,0,Mnemonic,purple3,purple
0.25,al,0,Mnemonic,purple4,purple
0,al,0,Mnemonic,red1,red
0.25,al,0,Mnemonic,red2,red
0.5,al,0,Mnemonic,red3,red
0,al,0,Mnemonic,red4,red
0,al,1,Mnemonic,blue1,blue
0,al,1,Mnemonic,blue2,blue
0.5,al,1,Mnemonic,blue3,blue
0,al,1,Mnemonic,blue4,blue
1,al,1,Mnemonic,green1,green
1,al,1,Mnemonic,green2,green
1,al,1,Mnemonic,green3,green
1,al,1,Mnemonic,green4,green
0.75,al,1,Mnemonic,purple1,purple
0,al,1,Mnemonic,purple2,purple
0.25,al,1,Mnemonic,purple3,purple
0,al,1,Mnemonic,purple4,purple
0,al,1,Mnemonic,red1,red
0.25,al,1,Mnemonic,red2,red
0.5,al,1,Mnemonic,red3,red
0,al,1,Mnemonic,red4,red
0.5,al,2,Mnemonic,blue1,blue
0.5,al,2,Mnemonic,blue2,blue
0,al,2,Mnemonic,blue3,blue
0,al,2,Mnemonic,blue4,blue
0.5,al,2,Mnemonic,green1,green
0.5,al,2,Mnemonic,green2,green
0.5,al,2,Mnemonic,green3,green
0,al,2,Mnemonic,green4,green
0.5,al,2,Mnemonic,purple1,purple
0,al,2,Mnemonic,purple2,purple
0.5,al,2,Mnemonic,purple3,purple
0,al,2,Mnemonic,purple4,purple
0,al,2,Mnemonic,red1,red
0,al,2,Mnemonic,red2,red
0,al,2,Mnemonic,red3,red
0,al,2,Mnemonic,red4,red
0,am,0,Mnemonic,blue1,blue
0,am,0,Mnemonic,blue2,blue
0.5,am,0,Mnemonic,blue3,blue
0.5,am,0,Mnemonic,blue4,blue
0,am,0,Mnemonic,green1,green
0,am,0,Mnemonic,green2,green
0,am,0,Mnemonic,green3,green
0,am,0,Mnemonic,green4,green
0.75,am,0,Mnemonic,purple1,purple
1,am,0,Mnemonic,purple2,purple
0.75,am,0,Mnemonic,purple3,purple
0.25,am,0,Mnemonic,purple4,purple
0.25,am,0,Mnemonic,red1,red
0,am,0,Mnemonic,red2,red
0,am,0,Mnemonic,red3,red
0.25,am,0,Mnemonic,red4,red
0,am,1,Mnemonic,blue1,blue
0,am,1,Mnemonic,blue2,blue
0,am,1,Mnemonic,blue3,blue
0,am,1,Mnemonic,blue4,blue
0,am,1,Mnemonic,green1,green
0,am,1,Mnemonic,green2,green
0.25,am,1,Mnemonic,green3,green
0,am,1,Mnemonic,green4,green
1,am,1,Mnemonic,purple1,purple
0,am,1,Mnemonic,purple2,purple
0.5,am,1,Mnemonic,purple3,purple
0.5,am,1,Mnemonic,purple4,purple
0,am,1,Mnemonic,red1,red
0,am,1,Mnemonic,red2,red
0,am,1,Mnemonic,red3,red
0.5,am,1,Mnemonic,red4,red
0.25,am,2,Mnemonic,blue1,blue
0.25,am,2,Mnemonic,blue2,blue
0,am,2,Mnemonic,blue3,blue
0.5,am,2,Mnemonic,blue4,blue
0,am,2,Mnemonic,green1,green
0,am,2,Mnemonic,green2,green
0,am,2,Mnemonic,green3,green
0.25,am,2,Mnemonic,green4,green
1,am,2,Mnemonic,purple1,purple
1,am,2,Mnemonic,purple2,purple
0.5,am,2,Mnemonic,purple3,purple
0.5,am,2,Mnemonic,purple4,purple
0,am,2,Mnemonic,red1,red
0,am,2,Mnemonic,red2,red
0.25,am,2,Mnemonic,red3,red
1,am,2,Mnemonic,red4,red
0.75,an,0,Mnemonic,blue1,blue
0,an,0,Mnemonic,blue2,blue
0,an,0,Mnemonic,blue3,blue
1,an,0,Mnemonic,blue4,blue
0.5,an,0,Mnemonic,green1,green
0,an,0,Mnemonic,green2,green
0.75,an,0,Mnemonic,green3,green
0,an,0,Mnemonic,green4,green
0,an,0,Mnemonic,purple1,purple
0,an,0,Mnemonic,purple2,purple
0.25,an,0,Mnemonic,purple3,purple
0.25,an,0,Mnemonic,purple4,purple
0,an,0,Mnemonic,red1,red
0,an,0,Mnemonic,red2,red
0,an,0,Mnemonic,red3,red
0,an,0,Mnemonic,red4,red
0.75,an,1,Mnemonic,blue1,blue
0,an,1,Mnemonic,blue2,blue
0,an,1,Mnemonic,blue3,blue
1,an,1,Mnemonic,blue4,blue
0,an,1,Mnemonic,green1,green
0,an,1,Mnemonic,green2,green
0,an,1,Mnemonic,green3,green
0,an,1,Mnemonic,green4,green
0,an,1,Mnemonic,purple1,purple
0,an,1,Mnemonic,purple2,purple
0.25,an,1,Mnemonic,purple3,purple
0,an,1,Mnemonic,purple4,purple
0,an,1,Mnemonic,red1,red
0,an,1,Mnemonic,red2,red
0.25,an,1,Mnemonic,red3,red
0.25,an,1,Mnemonic,red4,red
0,an,2,Mnemonic,blue1,blue
0,an,2,Mnemonic,blue2,blue
0,an,2,Mnemonic,blue3,blue
0.25,an,2,Mnemonic,blue4,blue
0,an,2,Mnemonic,green1,green
0,an,2,Mnemonic,green2,green
0,an,2,Mnemonic,green3,green
0,an,2,Mnemonic,green4,green
0,an,2,Mnemonic,purple1,purple
0,an,2,Mnemonic,purple2,purple
0,an,2,Mnemonic,purple3,purple
0,an,2,Mnemonic,purple4,purple
0,an,2,Mnemonic,red1,red
0,an,2,Mnemonic,red2,red
0.25,an,2,Mnemonic,red3,red
0,an,2,Mnemonic,red4,red
0,bo,0,Recall,blue1,blue
0,bo,0,Recall,blue2,blue
0.5,bo,0,Recall,blue3,blue
0,bo,0,Recall,blue4,blue
0.5,bo,0,Recall,green1,green
0.75,bo,0,Recall,green2,green
0.75,bo,0,Recall,green3,green
0,bo,0,Recall,green4,green
0,bo,0,Recall,purple1,purple
0.5,bo,0,Recall,purple2,purple
0.75,bo,0,Recall,purple3,purple
0,bo,0,Recall,purple4,purple
0.25,bo,0,Recall,red1,red
0.5,bo,0,Recall,red2,red
0.5,bo,0,Recall,red3,red
1,bo,0,Recall,red4,red
0,bo,1,Recall,blue1,blue
0,bo,1,Recall,blue2,blue
0,bo,1,Recall,blue3,blue
0,bo,1,Recall,blue4,blue
0,bo,1,Recall,green1,green
0.25,bo,1,Recall,green2,green
0.75,bo,1,Recall,green3,green
0.25,bo,1,Recall,green4,green
0,bo,1,Recall,purple1,purple
0.5,bo,1,Recall,purple2,purple
0.25,bo,1,Recall,purple3,purple
0.5,bo,1,Recall,purple4,purple
0,bo,1,Recall,red1,red
0,bo,1,Recall,red2,red
0,bo,1,Recall,red3,red
0.5,bo,1,Recall,red4,red
0,bo,2,Recall,blue1,blue
0,bo,2,Recall,blue2,blue
0,bo,2,Recall,blue3,blue
0,bo,2,Recall,blue4,blue
0.25,bo,2,Recall,green1,green
0.25,bo,2,Recall,green2,green
0.25,bo,2,Recall,green3,green
0.5,bo,2,Recall,green4,green
0,bo,2,Recall,purple1,purple
0,bo,2,Recall,purple2,purple
0.75,bo,2,Recall,purple3,purple
0,bo,2,Recall,purple4,purple
0,bo,2,Recall,red1,red
0,bo,2,Recall,red2,red
0,bo,2,Recall,red3,red
0,bo,2,Recall,red4,red
0,co,0,Correspondence,blue1,blue
0.25,co,0,Correspondence,blue2,blue
0,co,0,Correspondence,blue3,blue
0,co,0,Correspondence,blue4,blue
0,co,0,Correspondence,green1,green
0,co,0,Correspondence,green2,green
0.75,co,0,Correspondence,green3,green
0.25,co,0,Correspondence,green4,green
0,co,0,Correspondence,purple1,purple
0.25,co,0,Correspondence,purple2,purple
0.25,co,0,Correspondence,purple3,purple
1,co,0,Correspondence,purple4,purple
0,co,0,Correspondence,red1,red
0.25,co,0,Correspondence,red2,red
0.5,co,0,Correspondence,red3,red
0.25,co,0,Correspondence,red4,red
0.25,co,1,Correspondence,blue1,blue
0.25,co,1,Correspondence,blue2,blue
0.5,co,1,Correspondence,blue3,blue
0,co,1,Correspondence,blue4,blue
0.25,co,1,Correspondence,green1,green
0.25,co,1,Correspondence,green2,green
0.75,co,1,Correspondence,green3,green
0,co,1,Correspondence,green4,green
0,co,1,Correspondence,purple1,purple
0.25,co,1,Correspondence,purple2,purple
0,co,1,Correspondence,purple3,purple
0.75,co,1,Correspondence,purple4,purple
0.25,co,1,Correspondence,red1,red
0.25,co,1,Correspondence,red2,red
0,co,1,Correspondence,red3,red
0,co,1,Correspondence,red4,red
0,co,2,Correspondence,blue1,blue
0,co,2,Correspondence,blue2,blue
0.5,co,2,Correspondence,blue3,blue
0.5,co,2,Correspondence,blue4,blue
0.75,co,2,Correspondence,green1,green
1,co,2,Correspondence,green2,green
0.5,co,2,Correspondence,green3,green
0,co,2,Correspondence,green4,green
0,co,2,Correspondence,purple1,purple
0,co,2,Correspondence,purple2,purple
0,co,2,Correspondence,purple3,purple
0,co,2,Correspondence,purple4,purple
0,co,2,Correspondence,red1,red
0,co,2,Correspondence,red2,red
0,co,2,Correspondence,red3,red
0,co,2,Correspondence,red4,red
0.25,ao,0,Mnemonic,blue1,blue
0.5,ao,0,Mnemonic,blue2,blue
1,ao,0,Mnemonic,blue3,blue
0.25,ao,0,Mnemonic,blue4,blue
0.5,ao,0,Mnemonic,green1,green
0.75,ao,0,Mnemonic,green2,green
0.75,ao,0,Mnemonic,green3,green
0.5,ao,0,Mnemonic,green4,green
0.25,ao,0,Mnemonic,purple1,purple
0.5,ao,0,Mnemonic,purple2,purple
0.5,ao,0,Mnemonic,purple3,purple
0.25,ao,0,Mnemonic,purple4,purple
0.5,ao,0,Mnemonic,red1,red
0.5,ao,0,Mnemonic,red2,red
0.5,ao,0,Mnemonic,red3,red
0.5,ao,0,Mnemonic,red4,red
0,ao,1,Mnemonic,blue1,blue
0.5,ao,1,Mnemonic,blue2,blue
0,ao,1,Mnemonic,blue3,blue
0.75,ao,1,Mnemonic,blue4,blue
0.25,ao,1,Mnemonic,green1,green
0.5,ao,1,Mnemonic,green2,green
0.25,ao,1,Mnemonic,green3,green
0,ao,1,Mnemonic,green4,green
1,ao,1,Mnemonic,purple1,purple
0.25,ao,1,Mnemonic,purple2,purple
0,ao,1,Mnemonic,purple3,purple
1,ao,1,Mnemonic,purple4,purple
0,ao,1,Mnemonic,red1,red
0.25,ao,1,Mnemonic,red2,red
0.25,ao,1,Mnemonic,red3,red
0.5,ao,1,Mnemonic,red4,red
0,ao,2,Mnemonic,blue1,blue
0,ao,2,Mnemonic,blue2,blue
0,ao,2,Mnemonic,blue3,blue
0,ao,2,Mnemonic,blue4,blue
0,ao,2,Mnemonic,green1,green
0.25,ao,2,Mnemonic,green2,green
0,ao,2,Mnemonic,green3,green
0,ao,2,Mnemonic,green4,green
0.5,ao,2,Mnemonic,purple1,purple
0,ao,2,Mnemonic,purple2,purple
0.25,ao,2,Mnemonic,purple3,purple
0.5,ao,2,Mnemonic,purple4,purple
0,ao,2,Mnemonic,red1,red
0.25,ao,2,Mnemonic,red2,red
0,ao,2,Mnemonic,red3,red
0.5,ao,2,Mnemonic,red4,red
